strain	Sample_ID	Sample_Source	Data_Source	date	Location	Serotype	Sero_Geno
MZ976858.1	100-156	Brook_2021	NCBI	2019-07-07	Cambodia	4	4_I
MZ976859.1	109-0051	Brook_2021	NCBI	2019-08-07	Cambodia	4	4_I
MZ976860.1	109-0342	Brook_2021	NCBI	2020-08-03	Cambodia	4	4_I
MW192825.1	6054	Tiraki_2021	NCBI	2017-07-XX	India	4	4_I
MW945436.1	DENV4/PUERTORICO/1998/347751	Katzelnick_2021	NCBI	1998-XX-XX	Puerto-Rico	4	4_II
MW945437.1	DENV4/PUERTORICO/1999/BID-V2446	Katzelnick_2021	NCBI	1999-XX-XX	Puerto-Rico	4	4_II
MW945454.1	01534/94	Katzelnick_2021	NCBI	1994-XX-XX	Thailand	4	4_I
MW945455.1	00044/01	Katzelnick_2021	NCBI	2001-XX-XX	Thailand	4	4_I
MW945456.1	00823/03	Katzelnick_2021	NCBI	2003-XX-XX	Thailand	4	4_I
MW945457.1	01938/06	Katzelnick_2021	NCBI	2006-XX-XX	Thailand	4	4_I
MW945458.1	00690/94	Katzelnick_2021	NCBI	1994-XX-XX	Thailand	4	4_I
MW945459.1	00575/14	Katzelnick_2021	NCBI	2014-XX-XX	Thailand	4	4_I
MW945460.1	02020/02	Katzelnick_2021	NCBI	2002-XX-XX	Thailand	4	4_I
MW945461.1	30302/94	Katzelnick_2021	NCBI	1994-XX-XX	Thailand	4	4_I
MW945462.1	00650/06	Katzelnick_2021	NCBI	2006-XX-XX	Thailand	4	4_I
MW945463.1	00779/06	Katzelnick_2021	NCBI	2006-XX-XX	Thailand	4	4_I
MW945464.1	01840/07	Katzelnick_2021	NCBI	2007-XX-XX	Thailand	4	4_I
MW945465.1	02720/06	Katzelnick_2021	NCBI	2006-XX-XX	Thailand	4	4_I
MW945466.1	01458/07	Katzelnick_2021	NCBI	2007-XX-XX	Thailand	4	4_I
MW945467.1	01107/06	Katzelnick_2021	NCBI	2006-XX-XX	Thailand	4	4_I
MW945468.1	02852/06	Katzelnick_2021	NCBI	2006-XX-XX	Thailand	4	4_I
MW945469.1	00535/04	Katzelnick_2021	NCBI	2004-XX-XX	Thailand	4	4_I
MW945470.1	01559/09	Katzelnick_2021	NCBI	2009-XX-XX	Thailand	4	4_I
MW945471.1	03531/01	Katzelnick_2021	NCBI	2001-XX-XX	Thailand	4	4_I
MW945472.1	02606/06	Katzelnick_2021	NCBI	2006-XX-XX	Thailand	4	4_I
MW945473.1	02269/02	Katzelnick_2021	NCBI	2002-XX-XX	Thailand	4	4_I
MW945474.1	00987/03	Katzelnick_2021	NCBI	2003-XX-XX	Thailand	4	4_I
MW945475.1	01258/04	Katzelnick_2021	NCBI	2004-XX-XX	Thailand	4	4_I
MW945476.1	30446/94	Katzelnick_2021	NCBI	1994-XX-XX	Thailand	4	4_I
MW945477.1	02674/06	Katzelnick_2021	NCBI	2006-XX-XX	Thailand	4	4_I
MW945478.1	00426/06	Katzelnick_2021	NCBI	2006-XX-XX	Thailand	4	4_I
MW945479.1	01261/06	Katzelnick_2021	NCBI	2006-XX-XX	Thailand	4	4_I
MW945480.1	01227/02	Katzelnick_2021	NCBI	2002-XX-XX	Thailand	4	4_I
MW945481.1	01782/06	Katzelnick_2021	NCBI	2006-XX-XX	Thailand	4	4_I
MW945482.1	00249/10	Katzelnick_2021	NCBI	2010-XX-XX	Thailand	4	4_I
MW945483.1	00564/04	Katzelnick_2021	NCBI	2004-XX-XX	Thailand	4	4_I
MW945484.1	03843/01	Katzelnick_2021	NCBI	2001-XX-XX	Thailand	4	4_I
MW945485.1	01129/96	Katzelnick_2021	NCBI	1996-XX-XX	Thailand	4	4_I
MW945486.1	03348/01	Katzelnick_2021	NCBI	2001-XX-XX	Thailand	4	4_I
MW945487.1	00036/95	Katzelnick_2021	NCBI	1995-XX-XX	Thailand	4	4_I
MW945488.1	01402/07	Katzelnick_2021	NCBI	2007-XX-XX	Thailand	4	4_I
MW945489.1	00532/06	Katzelnick_2021	NCBI	2006-XX-XX	Thailand	4	4_I
MW945490.1	00789/13	Katzelnick_2021	NCBI	2013-XX-XX	Thailand	4	4_I
MW945491.1	00993/05	Katzelnick_2021	NCBI	2005-XX-XX	Thailand	4	4_I
MW945492.1	00362/99	Katzelnick_2021	NCBI	1999-XX-XX	Thailand	4	4_I
MW945493.1	04390/99	Katzelnick_2021	NCBI	1999-XX-XX	Thailand	4	4_III_related
MW945494.1	02131/02	Katzelnick_2021	NCBI	2002-XX-XX	Thailand	4	4_I
MW945495.1	02187/06	Katzelnick_2021	NCBI	2006-XX-XX	Thailand	4	4_I
MW945496.1	00171/06	Katzelnick_2021	NCBI	2006-XX-XX	Thailand	4	4_I
MW945497.1	02198/03	Katzelnick_2021	NCBI	2003-XX-XX	Thailand	4	4_I
MW945498.1	00283/10	Katzelnick_2021	NCBI	2010-XX-XX	Thailand	4	4_I
MW945499.1	00097/04	Katzelnick_2021	NCBI	2004-XX-XX	Thailand	4	4_I
MW945500.1	01798/03	Katzelnick_2021	NCBI	2003-XX-XX	Thailand	4	4_I
MW945501.1	01923/07	Katzelnick_2021	NCBI	2007-XX-XX	Thailand	4	4_I
MW945502.1	00369/11	Katzelnick_2021	NCBI	2011-XX-XX	Thailand	4	4_I
MW945503.1	D85-052	Katzelnick_2021	NCBI	1985-XX-XX	Thailand	4	4_I
MW945504.1	01270/06	Katzelnick_2021	NCBI	2006-XX-XX	Thailand	4	4_I
MW945505.1	00630/11	Katzelnick_2021	NCBI	2011-XX-XX	Thailand	4	4_I
MW945506.1	00691/13	Katzelnick_2021	NCBI	2013-XX-XX	Thailand	4	4_I
MW945507.1	00460/05	Katzelnick_2021	NCBI	2005-XX-XX	Thailand	4	4_I
MW945508.1	00685/14	Katzelnick_2021	NCBI	2014-XX-XX	Thailand	4	4_I
MW945509.1	00251/11	Katzelnick_2021	NCBI	2011-XX-XX	Thailand	4	4_I
MW945510.1	00010/00	Katzelnick_2021	NCBI	2000-XX-XX	Thailand	4	4_I
MW945511.1	01810/08	Katzelnick_2021	NCBI	2008-XX-XX	Thailand	4	4_I
MW945512.1	01130/07	Katzelnick_2021	NCBI	2007-XX-XX	Thailand	4	4_I
MW945513.1	05475/99	Katzelnick_2021	NCBI	1999-XX-XX	Thailand	4	4_I
MW945514.1	30127/94	Katzelnick_2021	NCBI	1994-XX-XX	Thailand	4	4_I
MW945515.1	00759/06	Katzelnick_2021	NCBI	2006-XX-XX	Thailand	4	4_I
MW945516.1	00694/07	Katzelnick_2021	NCBI	2007-XX-XX	Thailand	4	4_I
MW945517.1	01743/03	Katzelnick_2021	NCBI	2003-XX-XX	Thailand	4	4_I
MW945518.1	00637/12	Katzelnick_2021	NCBI	2012-XX-XX	Thailand	4	4_I
MW945519.1	BR-12	Katzelnick_2021	NCBI	2012-XX-XX	Brazil	4	4_II
MW945520.1	02198/06	Katzelnick_2021	NCBI	2006-XX-XX	Thailand	4	4_I
MW945521.1	00680/04	Katzelnick_2021	NCBI	2004-XX-XX	Thailand	4	4_I
MW945522.1	00508/99	Katzelnick_2021	NCBI	1999-XX-XX	Thailand	4	4_I
MW945523.1	00618/05	Katzelnick_2021	NCBI	2005-XX-XX	Thailand	4	4_I
MW945524.1	03401/99	Katzelnick_2021	NCBI	1999-XX-XX	Thailand	4	4_I
MW945525.1	01258/06	Katzelnick_2021	NCBI	2006-XX-XX	Thailand	4	4_I
MW945526.1	01645/04	Katzelnick_2021	NCBI	2004-XX-XX	Thailand	4	4_I
MW945527.1	01055/05	Katzelnick_2021	NCBI	2005-XX-XX	Thailand	4	4_I
MW945528.1	01174/06	Katzelnick_2021	NCBI	2006-XX-XX	Thailand	4	4_I
MW945529.1	00329/94	Katzelnick_2021	NCBI	1994-XX-XX	Thailand	4	4_I
MW945530.1	00471/08	Katzelnick_2021	NCBI	2008-XX-XX	Thailand	4	4_I
MW945531.1	01570/07	Katzelnick_2021	NCBI	2007-XX-XX	Thailand	4	4_I
MW945532.1	01211/13	Katzelnick_2021	NCBI	2013-XX-XX	Thailand	4	4_I
MW945533.1	00801/13	Katzelnick_2021	NCBI	2013-XX-XX	Thailand	4	4_I
MW945534.1	01645/00	Katzelnick_2021	NCBI	2000-XX-XX	Thailand	4	4_I
MW945535.1	00837/06	Katzelnick_2021	NCBI	2006-XX-XX	Thailand	4	4_I
MW945536.1	02540/06	Katzelnick_2021	NCBI	2006-XX-XX	Thailand	4	4_I
MW945537.1	01234/04	Katzelnick_2021	NCBI	2004-XX-XX	Thailand	4	4_I
MW945538.1	02204/07	Katzelnick_2021	NCBI	2007-XX-XX	Thailand	4	4_I
MW945539.1	00524/06	Katzelnick_2021	NCBI	2006-XX-XX	Thailand	4	4_I
MW945540.1	00307/94	Katzelnick_2021	NCBI	1994-XX-XX	Thailand	4	4_I
MW945541.1	02201/03	Katzelnick_2021	NCBI	2003-XX-XX	Thailand	4	4_I
MW945542.1	02586/06	Katzelnick_2021	NCBI	2006-XX-XX	Thailand	4	4_I
MW945543.1	00700/05	Katzelnick_2021	NCBI	2005-XX-XX	Thailand	4	4_I
MW945544.1	00567/04	Katzelnick_2021	NCBI	2004-XX-XX	Thailand	4	4_I
MW945545.1	02098/00	Katzelnick_2021	NCBI	2000-XX-XX	Thailand	4	4_I
MW945546.1	00307/07	Katzelnick_2021	NCBI	2007-XX-XX	Thailand	4	4_I
MW945547.1	00737/94	Katzelnick_2021	NCBI	1994-XX-XX	Thailand	4	4_I
MW945548.1	05771/00	Katzelnick_2021	NCBI	2000-XX-XX	Thailand	4	4_I
MW945549.1	00854/05	Katzelnick_2021	NCBI	2005-XX-XX	Thailand	4	4_I
MW945550.1	01012/13	Katzelnick_2021	NCBI	2013-XX-XX	Thailand	4	4_I
MW945551.1	00119/07	Katzelnick_2021	NCBI	2007-XX-XX	Thailand	4	4_I
MW945552.1	P73-1120	Katzelnick_2021	NCBI	1973-XX-XX	Malaysia	4	4_IV
MW945553.1	01382/06	Katzelnick_2021	NCBI	2006-XX-XX	Thailand	4	4_I
MW945554.1	01862/06	Katzelnick_2021	NCBI	2006-XX-XX	Thailand	4	4_I
MW945555.1	00274/08	Katzelnick_2021	NCBI	2008-XX-XX	Thailand	4	4_I
MW945556.1	00950/04	Katzelnick_2021	NCBI	2004-XX-XX	Thailand	4	4_I
MW945557.1	02023/08	Katzelnick_2021	NCBI	2008-XX-XX	Thailand	4	4_I
MW945558.1	01270/10	Katzelnick_2021	NCBI	2010-XX-XX	Thailand	4	4_I
MW945559.1	00214/14	Katzelnick_2021	NCBI	2014-XX-XX	Thailand	4	4_I
MW945560.1	01216/03	Katzelnick_2021	NCBI	2003-XX-XX	Thailand	4	4_I
MW945561.1	00615/94	Katzelnick_2021	NCBI	1994-XX-XX	Thailand	4	4_I
MW945562.1	30292/94	Katzelnick_2021	NCBI	1994-XX-XX	Thailand	4	4_I
MW945563.1	00882/05	Katzelnick_2021	NCBI	2005-XX-XX	Thailand	4	4_I
MW945564.1	02821/99	Katzelnick_2021	NCBI	1999-XX-XX	Thailand	4	4_I
MW945565.1	00789/14	Katzelnick_2021	NCBI	2014-XX-XX	Thailand	4	4_I
MW945566.1	01009/05	Katzelnick_2021	NCBI	2005-XX-XX	Thailand	4	4_I
MW945567.1	01677/10	Katzelnick_2021	NCBI	2010-XX-XX	Thailand	4	4_I
MW945568.1	30091/94	Katzelnick_2021	NCBI	1994-XX-XX	Thailand	4	4_I
MW945569.1	01579/06	Katzelnick_2021	NCBI	2006-XX-XX	Thailand	4	4_I
MW945570.1	01391/07	Katzelnick_2021	NCBI	2007-XX-XX	Thailand	4	4_I
MW945571.1	00984/99	Katzelnick_2021	NCBI	1999-XX-XX	Thailand	4	4_I
MW945572.1	30158/94	Katzelnick_2021	NCBI	1994-XX-XX	Thailand	4	4_I
MW945573.1	01380/08	Katzelnick_2021	NCBI	2008-XX-XX	Thailand	4	4_I
MW945574.1	00152/13	Katzelnick_2021	NCBI	2013-XX-XX	Thailand	4	4_I
MW945575.1	00311/06	Katzelnick_2021	NCBI	2006-XX-XX	Thailand	4	4_I
MW945576.1	01711/06	Katzelnick_2021	NCBI	2006-XX-XX	Thailand	4	4_I
MW945577.1	00498/03	Katzelnick_2021	NCBI	2003-XX-XX	Thailand	4	4_I
MW945578.1	02765/01	Katzelnick_2021	NCBI	2001-XX-XX	Thailand	4	4_I
MW945579.1	00964/03	Katzelnick_2021	NCBI	2003-XX-XX	Thailand	4	4_I
MW945580.1	02897/99	Katzelnick_2021	NCBI	1999-XX-XX	Thailand	4	4_I
MW945581.1	00588/05	Katzelnick_2021	NCBI	2005-XX-XX	Thailand	4	4_I
MW945582.1	00835/13	Katzelnick_2021	NCBI	2013-XX-XX	Thailand	4	4_I
MW945583.1	06122/01	Katzelnick_2021	NCBI	2001-XX-XX	Thailand	4	4_I
MW945584.1	02192/06	Katzelnick_2021	NCBI	2006-XX-XX	Thailand	4	4_I
MW945585.1	01387/08	Katzelnick_2021	NCBI	2008-XX-XX	Thailand	4	4_I
MW945586.1	00433/07	Katzelnick_2021	NCBI	2007-XX-XX	Thailand	4	4_I
MW945587.1	00641/03	Katzelnick_2021	NCBI	2003-XX-XX	Thailand	4	4_I
MW945588.1	01432/09	Katzelnick_2021	NCBI	2009-XX-XX	Thailand	4	4_I
MW945589.1	01284/08	Katzelnick_2021	NCBI	2008-XX-XX	Thailand	4	4_I
MW945590.1	00867/94	Katzelnick_2021	NCBI	1994-XX-XX	Thailand	4	4_I
MW945591.1	00752/14	Katzelnick_2021	NCBI	2014-XX-XX	Thailand	4	4_I
MW945592.1	01622/04	Katzelnick_2021	NCBI	2004-XX-XX	Thailand	4	4_I
MW945593.1	01389/13	Katzelnick_2021	NCBI	2013-XX-XX	Thailand	4	4_I
MW945594.1	00385/14	Katzelnick_2021	NCBI	2014-XX-XX	Thailand	4	4_I
MW945595.1	00201/05	Katzelnick_2021	NCBI	2005-XX-XX	Thailand	4	4_I
MW945596.1	00477/11	Katzelnick_2021	NCBI	2011-XX-XX	Thailand	4	4_I
MW945597.1	00514/14	Katzelnick_2021	NCBI	2014-XX-XX	Thailand	4	4_I
MW945598.1	00619/06	Katzelnick_2021	NCBI	2006-XX-XX	Thailand	4	4_I
MW945599.1	01477/00	Katzelnick_2021	NCBI	2000-XX-XX	Thailand	4	4_I
MW945600.1	00943/05	Katzelnick_2021	NCBI	2005-XX-XX	Thailand	4	4_I
MW945601.1	00027/99	Katzelnick_2021	NCBI	1999-XX-XX	Thailand	4	4_I
MW945602.1	30341/94	Katzelnick_2021	NCBI	1994-XX-XX	Thailand	4	4_I
MW945603.1	01344/10	Katzelnick_2021	NCBI	2010-XX-XX	Thailand	4	4_I
MW945604.1	01101/07	Katzelnick_2021	NCBI	2007-XX-XX	Thailand	4	4_I
MW945605.1	02452/03	Katzelnick_2021	NCBI	2003-XX-XX	Thailand	4	4_I
MW945606.1	02168/03	Katzelnick_2021	NCBI	2003-XX-XX	Thailand	4	4_I
MW945607.1	01993/07	Katzelnick_2021	NCBI	2007-XX-XX	Thailand	4	4_I
MW945608.1	05984/00	Katzelnick_2021	NCBI	2000-XX-XX	Thailand	4	4_I
MW945609.1	00095/94	Katzelnick_2021	NCBI	1994-XX-XX	Thailand	4	4_I
MW945610.1	00225/03	Katzelnick_2021	NCBI	2003-XX-XX	Thailand	4	4_I
MW945611.1	01244/06	Katzelnick_2021	NCBI	2006-XX-XX	Thailand	4	4_I
MW945612.1	03494/99	Katzelnick_2021	NCBI	1999-XX-XX	Thailand	4	4_I
MW945613.1	00777/14	Katzelnick_2021	NCBI	2014-XX-XX	Thailand	4	4_I
MW945614.1	02700/06	Katzelnick_2021	NCBI	2006-XX-XX	Thailand	4	4_I
MW945615.1	06712/01	Katzelnick_2021	NCBI	2001-XX-XX	Thailand	4	4_I
MW945616.1	02197/03	Katzelnick_2021	NCBI	2003-XX-XX	Thailand	4	4_I
MW945617.1	01222/02	Katzelnick_2021	NCBI	2002-XX-XX	Thailand	4	4_I
MW945618.1	01271/06	Katzelnick_2021	NCBI	2006-XX-XX	Thailand	4	4_I
MW945619.1	01626/96	Katzelnick_2021	NCBI	1996-XX-XX	Thailand	4	4_III
MW945620.1	00261/99	Katzelnick_2021	NCBI	1999-XX-XX	Thailand	4	4_I
MW945621.1	00886/01	Katzelnick_2021	NCBI	2001-XX-XX	Thailand	4	4_III_related
MW945622.1	00615/14	Katzelnick_2021	NCBI	2014-XX-XX	Thailand	4	4_I
MW945623.1	02207/03	Katzelnick_2021	NCBI	2003-XX-XX	Thailand	4	4_I
MW945624.1	00595/14	Katzelnick_2021	NCBI	2014-XX-XX	Thailand	4	4_I
MW945625.1	30610/94	Katzelnick_2021	NCBI	1994-XX-XX	Thailand	4	4_I
MW945626.1	00877/95	Katzelnick_2021	NCBI	1995-XX-XX	Thailand	4	4_I
MW945627.1	00641/04	Katzelnick_2021	NCBI	2004-XX-XX	Thailand	4	4_I
MW945628.1	02012/03	Katzelnick_2021	NCBI	2003-XX-XX	Thailand	4	4_I
MW945629.1	00101/94	Katzelnick_2021	NCBI	1994-XX-XX	Thailand	4	4_I
MW945630.1	01394/00	Katzelnick_2021	NCBI	2000-XX-XX	Thailand	4	4_I
MW945631.1	01494/05	Katzelnick_2021	NCBI	2005-XX-XX	Thailand	4	4_I
MW945632.1	01710/03	Katzelnick_2021	NCBI	2003-XX-XX	Thailand	4	4_I
MW945633.1	00270/06	Katzelnick_2021	NCBI	2006-XX-XX	Thailand	4	4_I
MW945634.1	00395/04	Katzelnick_2021	NCBI	2004-XX-XX	Thailand	4	4_I
MW945635.1	00674/04	Katzelnick_2021	NCBI	2004-XX-XX	Thailand	4	4_I
MW945636.1	M30153-AC36	Katzelnick_2021	NCBI	1973-XX-XX	Indonesia	4	4_II_related
MW945637.1	00112/12	Katzelnick_2021	NCBI	2012-XX-XX	Thailand	4	4_I
MW945638.1	01386/10	Katzelnick_2021	NCBI	2010-XX-XX	Thailand	4	4_I
MW945639.1	05432/01	Katzelnick_2021	NCBI	2001-XX-XX	Thailand	4	4_I
MW945640.1	01118/07	Katzelnick_2021	NCBI	2007-XX-XX	Thailand	4	4_I
MW945641.1	BR-2	Katzelnick_2021	NCBI	2012-XX-XX	Brazil	4	4_II
MW945642.1	03471/99	Katzelnick_2021	NCBI	1999-XX-XX	Thailand	4	4_I
MW945643.1	01647/06	Katzelnick_2021	NCBI	2006-XX-XX	Thailand	4	4_I
MW945644.1	00599/06	Katzelnick_2021	NCBI	2006-XX-XX	Thailand	4	4_I
MW945645.1	01513/10	Katzelnick_2021	NCBI	2010-XX-XX	Thailand	4	4_I
MW945646.1	00225/06	Katzelnick_2021	NCBI	2006-XX-XX	Thailand	4	4_I
MW945647.1	00581/05	Katzelnick_2021	NCBI	2005-XX-XX	Thailand	4	4_I
MW945648.1	01320/05	Katzelnick_2021	NCBI	2005-XX-XX	Thailand	4	4_I
MW945649.1	02383/06	Katzelnick_2021	NCBI	2006-XX-XX	Thailand	4	4_I
MW945650.1	30324/94	Katzelnick_2021	NCBI	1994-XX-XX	Thailand	4	4_I
MW945651.1	01991/07	Katzelnick_2021	NCBI	2007-XX-XX	Thailand	4	4_I
MW945652.1	01295/06	Katzelnick_2021	NCBI	2006-XX-XX	Thailand	4	4_I
MW945653.1	00744/08	Katzelnick_2021	NCBI	2008-XX-XX	Thailand	4	4_I
MW945654.1	01074/94	Katzelnick_2021	NCBI	1994-XX-XX	Thailand	4	4_I
MW945655.1	00534/01	Katzelnick_2021	NCBI	2001-XX-XX	Thailand	4	4_I
MW945656.1	04058/99	Katzelnick_2021	NCBI	1999-XX-XX	Thailand	4	4_I
MW945657.1	01639/04	Katzelnick_2021	NCBI	2004-XX-XX	Thailand	4	4_I
MW945658.1	00965/04	Katzelnick_2021	NCBI	2004-XX-XX	Thailand	4	4_I
MW945659.1	02498/06	Katzelnick_2021	NCBI	2006-XX-XX	Thailand	4	4_I
MW945660.1	00187/03	Katzelnick_2021	NCBI	2003-XX-XX	Thailand	4	4_I
MW945661.1	30071/94	Katzelnick_2021	NCBI	1994-XX-XX	Thailand	4	4_I
MW945662.1	01947/03	Katzelnick_2021	NCBI	2003-XX-XX	Thailand	4	4_I
MW945663.1	30540/94	Katzelnick_2021	NCBI	1994-XX-XX	Thailand	4	4_I
MW945664.1	81087	Katzelnick_2021	NCBI	2008-XX-XX	Myanmar	4	4_I
MW945665.1	01480/02	Katzelnick_2021	NCBI	2002-XX-XX	Thailand	4	4_I
MW945666.1	02373/03	Katzelnick_2021	NCBI	2003-XX-XX	Thailand	4	4_I
MW945667.1	00049/97	Katzelnick_2021	NCBI	1997-XX-XX	Thailand	4	4_III
MW945668.1	00504/07	Katzelnick_2021	NCBI	2007-XX-XX	Thailand	4	4_I
MW945669.1	00846/94	Katzelnick_2021	NCBI	1994-XX-XX	Thailand	4	4_I
MW945670.1	00746/04	Katzelnick_2021	NCBI	2004-XX-XX	Thailand	4	4_I
MW945671.1	00464/06	Katzelnick_2021	NCBI	2006-XX-XX	Thailand	4	4_I
MW945672.1	01660/04	Katzelnick_2021	NCBI	2004-XX-XX	Thailand	4	4_I
MW945673.1	00719/94	Katzelnick_2021	NCBI	1994-XX-XX	Thailand	4	4_I
MW945674.1	00259/99	Katzelnick_2021	NCBI	1999-XX-XX	Thailand	4	4_I
MW945675.1	00775/05	Katzelnick_2021	NCBI	2005-XX-XX	Thailand	4	4_I
MW945676.1	00875/03	Katzelnick_2021	NCBI	2003-XX-XX	Thailand	4	4_I
MW945677.1	01073/94	Katzelnick_2021	NCBI	1994-XX-XX	Thailand	4	4_I
MW945678.1	00109/06	Katzelnick_2021	NCBI	2006-XX-XX	Thailand	4	4_I
MW945679.1	00506/94	Katzelnick_2021	NCBI	1994-XX-XX	Thailand	4	4_I
MW945680.1	02966/99	Katzelnick_2021	NCBI	1999-XX-XX	Thailand	4	4_I
MW945681.1	00558/05	Katzelnick_2021	NCBI	2005-XX-XX	Thailand	4	4_I
MW945682.1	06575/01	Katzelnick_2021	NCBI	2001-XX-XX	Thailand	4	4_I
MW945683.1	00370/06	Katzelnick_2021	NCBI	2006-XX-XX	Thailand	4	4_I
MW945684.1	00116/11	Katzelnick_2021	NCBI	2011-XX-XX	Thailand	4	4_I
MW945685.1	02194/06	Katzelnick_2021	NCBI	2006-XX-XX	Thailand	4	4_I
MW945686.1	00447/08	Katzelnick_2021	NCBI	2008-XX-XX	Thailand	4	4_I
MW945687.1	00190/94	Katzelnick_2021	NCBI	1994-XX-XX	Thailand	4	4_I
MW945688.1	03541/99	Katzelnick_2021	NCBI	1999-XX-XX	Thailand	4	4_I
MW945689.1	00336/99	Katzelnick_2021	NCBI	1999-XX-XX	Thailand	4	4_I
MW945690.1	04425/99	Katzelnick_2021	NCBI	1999-XX-XX	Thailand	4	4_I
MW945691.1	02197/06	Katzelnick_2021	NCBI	2006-XX-XX	Thailand	4	4_I
MW945692.1	02385/06	Katzelnick_2021	NCBI	2006-XX-XX	Thailand	4	4_I
MW945693.1	00632/06	Katzelnick_2021	NCBI	2006-XX-XX	Thailand	4	4_I
MW945694.1	00717/04	Katzelnick_2021	NCBI	2004-XX-XX	Thailand	4	4_I
MW945695.1	00414/00	Katzelnick_2021	NCBI	2000-XX-XX	Thailand	4	4_I
MW945696.1	01515/04	Katzelnick_2021	NCBI	2004-XX-XX	Thailand	4	4_I
MW945697.1	00780/10	Katzelnick_2021	NCBI	2010-XX-XX	Thailand	4	4_I
MW945698.1	00286/03	Katzelnick_2021	NCBI	2003-XX-XX	Thailand	4	4_I
MW945699.1	00176/06	Katzelnick_2021	NCBI	2006-XX-XX	Thailand	4	4_I
MW945700.1	00900/94	Katzelnick_2021	NCBI	1994-XX-XX	Thailand	4	4_I
MW945701.1	01104/12	Katzelnick_2021	NCBI	2012-XX-XX	Thailand	4	4_I
MW945702.1	05341/99	Katzelnick_2021	NCBI	1999-XX-XX	Thailand	4	4_I
MW945703.1	00367/06	Katzelnick_2021	NCBI	2006-XX-XX	Thailand	4	4_I
MW945704.1	01201/94	Katzelnick_2021	NCBI	1994-XX-XX	Thailand	4	4_I
MW945705.1	02377/03	Katzelnick_2021	NCBI	2003-XX-XX	Thailand	4	4_I
MW945706.1	00810/06	Katzelnick_2021	NCBI	2006-XX-XX	Thailand	4	4_I
MW945707.1	00653/05	Katzelnick_2021	NCBI	2005-XX-XX	Thailand	4	4_I
MW945708.1	00728/14	Katzelnick_2021	NCBI	2014-XX-XX	Thailand	4	4_I
MW945709.1	30056/95	Katzelnick_2021	NCBI	1995-XX-XX	Thailand	4	4_I
MW945710.1	00794/94	Katzelnick_2021	NCBI	1994-XX-XX	Thailand	4	4_I
MW945711.1	00820/05	Katzelnick_2021	NCBI	2005-XX-XX	Thailand	4	4_I
MW945712.1	00348/07	Katzelnick_2021	NCBI	2007-XX-XX	Thailand	4	4_I
MW945713.1	00714/05	Katzelnick_2021	NCBI	2005-XX-XX	Thailand	4	4_I
MW945714.1	00500/94	Katzelnick_2021	NCBI	1994-XX-XX	Thailand	4	4_I
MW945715.1	05548/00	Katzelnick_2021	NCBI	2000-XX-XX	Thailand	4	4_I
MW945716.1	01124/94	Katzelnick_2021	NCBI	1994-XX-XX	Thailand	4	4_I
MW945717.1	00394/06	Katzelnick_2021	NCBI	2006-XX-XX	Thailand	4	4_I
MW945718.1	06951/01	Katzelnick_2021	NCBI	2001-XX-XX	Thailand	4	4_I
MW945719.1	01170/04	Katzelnick_2021	NCBI	2004-XX-XX	Thailand	4	4_I
MW945720.1	42A	Katzelnick_2021	NCBI	1981-XX-XX	Dominica	4	4_II
MW945721.1	00756/96	Katzelnick_2021	NCBI	1996-XX-XX	Thailand	4	4_I
MW945722.1	00395/06	Katzelnick_2021	NCBI	2006-XX-XX	Thailand	4	4_I
MW945723.1	01719/04	Katzelnick_2021	NCBI	2004-XX-XX	Thailand	4	4_I
MW945724.1	02456/06	Katzelnick_2021	NCBI	2006-XX-XX	Thailand	4	4_I
MW945725.1	02749/06	Katzelnick_2021	NCBI	2006-XX-XX	Thailand	4	4_I
MW945726.1	00205/03	Katzelnick_2021	NCBI	2003-XX-XX	Thailand	4	4_I
MW945727.1	00646/05	Katzelnick_2021	NCBI	2005-XX-XX	Thailand	4	4_III
MW945728.1	00512/06	Katzelnick_2021	NCBI	2006-XX-XX	Thailand	4	4_I
MW945729.1	00235/00	Katzelnick_2021	NCBI	2000-XX-XX	Thailand	4	4_I
MW945730.1	00114/01	Katzelnick_2021	NCBI	2001-XX-XX	Thailand	4	4_I
MW945731.1	02090/03	Katzelnick_2021	NCBI	2003-XX-XX	Thailand	4	4_I
MW945732.1	00705/06	Katzelnick_2021	NCBI	2006-XX-XX	Thailand	4	4_I
MW945733.1	00555/14	Katzelnick_2021	NCBI	2014-XX-XX	Thailand	4	4_I
MW945734.1	00300/13	Katzelnick_2021	NCBI	2013-XX-XX	Thailand	4	4_I
MW945735.1	01278/06	Katzelnick_2021	NCBI	2006-XX-XX	Thailand	4	4_I
MW945736.1	00842/06	Katzelnick_2021	NCBI	2006-XX-XX	Thailand	4	4_I
MW945737.1	02392/07	Katzelnick_2021	NCBI	2007-XX-XX	Thailand	4	4_I
MW945738.1	00697/11	Katzelnick_2021	NCBI	2011-XX-XX	Thailand	4	4_I
MW945739.1	05538/99	Katzelnick_2021	NCBI	1999-XX-XX	Thailand	4	4_I
MW945740.1	BR-23	Katzelnick_2021	NCBI	2012-XX-XX	Brazil	4	4_II
MW945741.1	00890/94	Katzelnick_2021	NCBI	1994-XX-XX	Thailand	4	4_I
MW945742.1	00523/05	Katzelnick_2021	NCBI	2005-XX-XX	Thailand	4	4_I
MW945743.1	01268/08	Katzelnick_2021	NCBI	2008-XX-XX	Thailand	4	4_I
MW945744.1	30479/94	Katzelnick_2021	NCBI	1994-XX-XX	Thailand	4	4_I
MW945745.1	02623/01	Katzelnick_2021	NCBI	2001-XX-XX	Thailand	4	4_I
MW945746.1	00781/09	Katzelnick_2021	NCBI	2009-XX-XX	Thailand	4	4_I
MW945747.1	01374/06	Katzelnick_2021	NCBI	2006-XX-XX	Thailand	4	4_I
MW945748.1	01594/06	Katzelnick_2021	NCBI	2006-XX-XX	Thailand	4	4_I
MW945749.1	01928/06	Katzelnick_2021	NCBI	2006-XX-XX	Thailand	4	4_I
MW945750.1	01405/06	Katzelnick_2021	NCBI	2006-XX-XX	Thailand	4	4_I
MW945751.1	00234/06	Katzelnick_2021	NCBI	2006-XX-XX	Thailand	4	4_I
MW945752.1	00420/06	Katzelnick_2021	NCBI	2006-XX-XX	Thailand	4	4_I
MW945753.1	30343/94	Katzelnick_2021	NCBI	1994-XX-XX	Thailand	4	4_I
MW945754.1	00585/06	Katzelnick_2021	NCBI	2006-XX-XX	Thailand	4	4_I
MW945755.1	02838/93	Katzelnick_2021	NCBI	1993-XX-XX	Thailand	4	4_I
MW945756.1	30344/94	Katzelnick_2021	NCBI	1994-XX-XX	Thailand	4	4_I
MW945757.1	30035/95	Katzelnick_2021	NCBI	1995-XX-XX	Thailand	4	4_I
MW945758.1	02739/97	Katzelnick_2021	NCBI	1997-XX-XX	Thailand	4	4_III
MW945759.1	00365/14	Katzelnick_2021	NCBI	2014-XX-XX	Thailand	4	4_I
MW945760.1	01769/04	Katzelnick_2021	NCBI	2004-XX-XX	Thailand	4	4_I
MW945761.1	00003/99	Katzelnick_2021	NCBI	1999-XX-XX	Thailand	4	4_I
MW945762.1	00257/11	Katzelnick_2021	NCBI	2011-XX-XX	Thailand	4	4_I
MW945763.1	00762/05	Katzelnick_2021	NCBI	2005-XX-XX	Thailand	4	4_I
MW881530.1	21XN04403 D4	Jiang_2021	NCBI	2021-01-08	China	4	4_II_related
MW881266.1	703	Katzelnick_2021	NCBI	1999-XX-XX	Nicaragua	4	4_II
MW793459.1	PDK48	Bifani_2021	NCBI	2021-01-XX	Thailand	4	4_II
MW793460.1	1036	Bifani_2021	NCBI	2021-01-XX	Thailand	4	4_II
MW301595.1	20XN34963_D4_Malaysia	Jiang_2020	NCBI	2020-06-18	China	4	4_II_related
MW295825.1	17XN25491 D4 FULL myanmar	Jiang_2020	NCBI	2017-09-11	China	4	4_I
MN448994.1	KDC0646A-CP1_07/05/2011	Berry_2020	NCBI	2011-07-06	Thailand	4	4_I
MN448995.1	KDC0647A-CP1_07/05/2011	Berry_2020	NCBI	2011-07-06	Thailand	4	4_I
MN448996.1	KDC0648A-CP1_07/05/2011	Berry_2020	NCBI	2011-07-06	Thailand	4	4_I
MN448997.1	KDC0868A_09/28/2011	Berry_2020	NCBI	2011-09-28	Thailand	4	4_I
MN448998.1	KDC0987A_07/03/2012	Berry_2020	NCBI	2012-07-04	Thailand	4	4_I
MN448999.1	KDH0146A_07/05/2011	Berry_2020	NCBI	2011-07-04	Thailand	4	4_I
MN449000.1	KDH0150A_07/12/2011	Berry_2020	NCBI	2011-07-11	Thailand	4	4_I
MN449001.1	KDH0173A_08/17/2011	Berry_2020	NCBI	2011-08-16	Thailand	4	4_I
MN449002.1	KDH0192A_09/27/2011	Berry_2020	NCBI	2011-09-26	Thailand	4	4_I
MN449003.1	KDH0220A_05/03/2012	Berry_2020	NCBI	2012-05-02	Thailand	4	4_I
MN449004.1	KDH0239A_07/03/2012	Berry_2020	NCBI	2012-07-02	Thailand	4	4_I
MN449005.1	KDH0247A_07/11/2012	Berry_2020	NCBI	2012-07-10	Thailand	4	4_I
MN449006.1	KDH0252A_07/17/2012	Berry_2020	NCBI	2012-07-16	Thailand	4	4_I
MN239487.1	FT_MD_139_R4	Jagtap_2020	NCBI	2018-11-09	India	4	4_I
MN239489.1	FT_MD_11_R4	Jagtap_2020	NCBI	2017-05-10	India	4	4_I
MT076955.1	KFA236	Shah_2020	NCBI	2015-02-XX	Kenya	4	4_II
MK858142.2	FT_J109_S23_R2_DENV4	Pattabiraman_2020	NCBI	2016-08-05	India	4	4_I
MK858144.1	FT_DNS1_499_S95	Pattabiraman_2020	NCBI	2016-11-03	India	4	4_I
MK858145.1	FT_DNS1_478_S80_R3	Pattabiraman_2020	NCBI	2016-10-09	India	4	4_I
MK858146.2	FT_DNS1_464_S26_R3	Pattabiraman_2020	NCBI	2016-07-03	India	4	4_I
MK858147.1	FT_C030_S43_R	Pattabiraman_2020	NCBI	2016-08-03	India	4	4_I
MN192436.1	Manatee_Florida_USA/MAG1/2016	Boyles_2020	NCBI	2016-XX-XX	Florida(USA)	4	4_II
MH051734.1	MS12006482	Idris_2020	NCBI	2014-12-XX	Malaysia	4	4_II_related
MK654681.1	R1_BC09_SP50_Blr_IND_04062017	Patil_2020	NCBI	2017-06-04	India	4	4_I
MN018390.1	D13467	Wu_2020	NCBI	2013-08-12	China	4	4_I
MN018391.1	D15047	Wu_2020	NCBI	2015-08-20	China	4	4_I
MN018392.1	D15299	Wu_2020	NCBI	2015-09-19	China	4	4_I
MN018393.1	D15312	Wu_2020	NCBI	2015-07-25	China	4	4_II_related
MN018394.1	D151435	Wu_2020	NCBI	2015-10-03	China	4	4_I
MN018395.1	D151453	Wu_2020	NCBI	2015-10-20	China	4	4_I
MN018396.1	D151602	Wu_2020	NCBI	2015-11-12	China	4	4_II_related
MN018397.1	D16004	Wu_2020	NCBI	2016-02-01	China	4	4_I
MN018398.1	D16039	Wu_2020	NCBI	2016-08-16	China	4	4_I
MH891769.1	MCVR4454AC/2017	Sabeena_2019	NCBI	2017-07-08	India	4	4_I
MK614088.1	GZ19XN01404	Su_2019	NCBI	2019-01-21	China	4	4_I
MK614089.1	GZ18XN20946	Su_2019	NCBI	2018-08-31	China	4	4_II_related
MK614090.1	GZ18XN17096	Su_2019	NCBI	2018-06-28	China	4	4_I
MK614091.1	GZ18XN16107	Su_2019	NCBI	2018-06-16	China	4	4_I
MK614092.1	GZ18XN13312	Su_2019	NCBI	2018-05-17	China	4	4_I
MK614093.1	GZ18XN11706	Su_2019	NCBI	2018-05-03	China	4	4_I
MK640208.1	2018XN20946a	Su_2019	NCBI	2018-08-31	China	4	4_II_related
MK514144.1	Homo sapiens/Haiti-0075/2015	Stephenson_2019	NCBI	2015-01-28	Haiti	4	4_II
MK506266.1	h241-2007	Chin-inmanu_2019	NCBI	2007-08-XX	Thailand	4	4_I
KY672956.1	DENV-4/China/YN/15DGR9	Hu_2019	NCBI	2015-06-22	China	4	4_I
KY672957.1	DENV-4/China/YN/15DGR32	Hu_2019	NCBI	2015-07-25	China	4	4_I
KY672958.1	DENV-4/China/YN/15DGR35	Hu_2019	NCBI	2015-06-27	China	4	4_I
KY672959.1	DENV-4/China/YN/15DGR50	Hu_2019	NCBI	2015-08-07	China	4	4_I
KY672960.1	DENV-4/China/YN/15DGR394	Hu_2019	NCBI	2015-10-10	China	4	4_I
MH823210.1	JMB-006	Yohan_2019	NCBI	2014-XX-XX	Indonesia	4	4_II_related
MH888334.1	CNR_16861	Touret_2019	NCBI	2013-01-04	Malaysia	4	4_II_related
LC410196.1	Th16-001DV4	Phadungsombat_2018	NCBI	2016-09-XX	Thailand	4	4_I
LC410197.1	Th16-006DV4	Phadungsombat_2018	NCBI	2016-09-XX	Thailand	4	4_I
LC410198.1	Th16-010DV4	Phadungsombat_2018	NCBI	2016-10-XX	Thailand	4	4_I
LC410199.1	Th16-020DV4	Phadungsombat_2018	NCBI	2016-10-XX	Thailand	4	4_I
LC410200.1	Th16-037DV4	Phadungsombat_2018	NCBI	2016-11-XX	Thailand	4	4_I
LC410201.1	Th16-046DV4	Phadungsombat_2018	NCBI	2016-12-XX	Thailand	4	4_I
LC410202.1	Th17-091DV4	Phadungsombat_2018	NCBI	2017-06-XX	Thailand	4	4_I
LC410203.1	Th17-098DV4	Phadungsombat_2018	NCBI	2017-06-XX	Thailand	4	4_I
MH382789.1	PNG 2016a	Pyke_2018	NCBI	2016-XX-XX	Australia	4	4_II_related
MF004387.1	Dakar_HD_34460	Baronti_2018	NCBI	1981-XX-XX	Senegal	4	4_II
MG272272.1	D4/IND/PUNE/IRSHA-FG-01/1028	Shrivastava_2018	NCBI	2016-XX-XX	India	4	4_I
MG272273.1	D4/IND/PUNE/IRSHA-FG-02/S-41	Shrivastava_2018	NCBI	2016-XX-XX	India	4	4_I
MG272274.1	D4/IND/PUNE/IRSHA-FG-03/S-49	Shrivastava_2018	NCBI	2016-XX-XX	India	4	4_I
MG601754.1	2013JH285	Mo_2018	NCBI	2013-08-30	China	4	4_I
KY849762.1	SV296	Castonguay-Vanier_2018	NCBI	2009-07-13	Laos	4	4_I
KY670635.1	D4/Philippines/0310aTw	Yang_2018	NCBI	2003-10-XX	Taiwan	4	4_I
KY474335.1	00151-P	Stewart-Ibarra_2018	NCBI	2014-XX-XX	Ecuador	4	4_II
KY924607.1	DENV4-002	Quyen_2017	NCBI	2016-XX-XX	Vietnam	4	4_I
KY451945.1	CTI2-13	Sittivicharpinyo_2017	NCBI	2013-06-XX	Thailand	4	4_I
KY921909.1	SG/EHI/D4/09291Y16	Hapuarachchi_2017	NCBI	2016-03-XX	Singapore	4	4_II_related
KY921910.1	SG/EHI/D4/04645Y16	Hapuarachchi_2017	NCBI	2016-01-XX	Singapore	4	4_II_related
KX845005.1	UOH_23916	Vaddadi_2017	NCBI	2015-XX-XX	India	4	4_I
KU509287.1	DENV4-3274	Shihada_2017	NCBI	2009-XX-XX	India	4	4_I
KU509288.1	DENV4-61120	Shihada_2017	NCBI	2010-XX-XX	Indonesia	4	4_II_related
KU523871.1	PH-CN08-14	Wang_2016	NCBI	2014-02-13	Philippines	4	4_II_related
KU523872.1	ID-CN27-15	Wang_2016	NCBI	2015-04-08	Indonesia	4	4_II_related
KP188557.1	BR/SJRP/500/2012	Vedovello_2016	NCBI	2012-03-09	Brazil	4	4_II
KP188558.1	BR/SJRP/505/2012	Vedovello_2016	NCBI	2012-03-14	Brazil	4	4_II
KP188559.1	BR/SJRP/506/2012	Vedovello_2016	NCBI	2012-03-16	Brazil	4	4_II
KP188560.1	BR/SJRP/514/2012	Vedovello_2016	NCBI	2012-04-02	Brazil	4	4_II
KP188561.1	BR/SJRP/556/2012	Vedovello_2016	NCBI	2012-07-11	Brazil	4	4_II
KP188562.1	BR/SJRP/580/2012	Vedovello_2016	NCBI	2012-12-10	Brazil	4	4_II
KP188563.1	BR/SJRP/610/2013	Vedovello_2016	NCBI	2013-01-07	Brazil	4	4_II
KP188564.1	BR/SJRP/614/2013	Vedovello_2016	NCBI	2013-01-10	Brazil	4	4_II
KP188565.1	BR/SJRP/733/2013	Vedovello_2016	NCBI	2013-01-30	Brazil	4	4_II
KP188566.1	BR/SJRP/850/2013	Vedovello_2016	NCBI	2013-02-08	Brazil	4	4_II
KX224312.2	SG/EHI/D4/02990Y14	Hapuarachchi_2016	NCBI	2014-XX-XX	Singapore	4	4_I
KU513441.1	LRV13/422	Kuczera_2016	NCBI	2013-03-XX	Brazil	4	4_II
KU513442.1	TVP/360	Kuczera_2016	NCBI	2013-03-XX	Brazil	4	4_II
KT794007.1	BR005AM_2011	Nascimento_2016	NCBI	2011-03-07	Brazil	4	4_II
LC069810.1	D4/Hu/India/NIID48/2009	Kato_2016	NCBI	2009-XX-XX	India	4	4_II_related
KR922405.1	11/1666	Nitatpattana_2015	NCBI	2011-XX-XX	Thailand	4	4_I
KT276273.1	Haiti/0324/2014	Lednicky_2015	NCBI	2014-09-08	Haiti	4	4_II
KJ579240.1	serum_2	Zuchi_2015	NCBI	2012-04-23	Brazil	4	4_II
KJ579241.1	serum_8	Zuchi_2015	NCBI	2012-04-23	Brazil	4	4_II
KJ579242.1	serum_9	Zuchi_2015	NCBI	2012-04-18	Brazil	4	4_II
KJ579243.1	serum_12	Zuchi_2015	NCBI	2012-03-28	Brazil	4	4_II
KJ579244.1	serum_20	Zuchi_2015	NCBI	2012-03-30	Brazil	4	4_II
KJ579245.1	serum_23	Zuchi_2015	NCBI	2012-03-30	Brazil	4	4_II
KJ579246.1	serum_24	Zuchi_2015	NCBI	2012-04-19	Brazil	4	4_II
KJ579247.1	serum_27	Zuchi_2015	NCBI	2012-04-12	Brazil	4	4_II
KJ579248.1	serum_28	Zuchi_2015	NCBI	2012-04-19	Brazil	4	4_II
KJ596658.1	serum_33	Zuchi_2015	NCBI	2012-04-20	Brazil	4	4_II
KJ596659.1	serum_35	Zuchi_2015	NCBI	2012-03-30	Brazil	4	4_II
KJ596660.1	serum_40	Zuchi_2015	NCBI	2012-04-03	Brazil	4	4_II
KJ596661.1	serum_44	Zuchi_2015	NCBI	2012-04-05	Brazil	4	4_II
KJ596662.1	serum_47	Zuchi_2015	NCBI	2012-03-23	Brazil	4	4_II
KJ596663.1	serum_48	Zuchi_2015	NCBI	2012-03-21	Brazil	4	4_II
KJ596664.1	serum_50	Zuchi_2015	NCBI	2012-03-12	Brazil	4	4_II
KJ596665.1	serum_52	Zuchi_2015	NCBI	2012-03-20	Brazil	4	4_II
KJ596666.1	serum_53	Zuchi_2015	NCBI	2012-03-14	Brazil	4	4_II
KJ596667.1	serum_55	Zuchi_2015	NCBI	2012-03-14	Brazil	4	4_II
KJ596668.1	serum_60	Zuchi_2015	NCBI	2012-03-14	Brazil	4	4_II
KJ596669.1	serum_73	Zuchi_2015	NCBI	2012-04-19	Brazil	4	4_II
KJ596670.1	serum_76	Zuchi_2015	NCBI	2012-04-19	Brazil	4	4_II
KJ596671.1	serum_84	Zuchi_2015	NCBI	2012-02-03	Brazil	4	4_II
KJ596672.1	serum_91	Zuchi_2015	NCBI	2012-02-03	Brazil	4	4_II
KJ596673.1	serum_92	Zuchi_2015	NCBI	2012-02-29	Brazil	4	4_II
KJ596674.1	serum_94	Zuchi_2015	NCBI	2012-02-16	Brazil	4	4_II
KR011349.2	H241	Anez_2015	NCBI	1956-08-28	Philippines	4	4_I
KP723482.1	DENV4/CN/GZ29/2010	Zhao_2015	NCBI	2010-XX-XX	China	4	4_II_related
KP792537.2	SG/EHI/D4/25178Y11	Hapuarachchi_2015	NCBI	2011-06-XX	Singapore	4	4_I
KM190936.1	VIROAF8	Rutvisuttinunt_2015	NCBI	2006-05-26	Thailand	4	4_II
KP140942.1	MRS/6169642904/2014	Baronti_2015	NCBI	2014-09-11	Haiti	4	4_II
KC762694.1	MKS-0033	Sasmono_2015	NCBI	2007-05-30	Indonesia	4	4_II_related
KC762695.1	MKS-0070	Sasmono_2015	NCBI	2007-07-09	Indonesia	4	4_II_related
KC762696.1	MKS-0252	Sasmono_2015	NCBI	2007-08-13	Indonesia	4	4_II_related
KC762697.1	MKS-0706	Sasmono_2015	NCBI	2007-12-11	Indonesia	4	4_II_related
KC762698.1	MKS-2007	Sasmono_2015	NCBI	2008-04-30	Indonesia	4	4_II_related
KC762699.1	MKS-2139	Sasmono_2015	NCBI	2008-03-28	Indonesia	4	4_II_related
KF955510.1	DENV-4/KH/BID-V2055/2002	Zody_2014	NCBI	2002-XX-XX	Cambodia	4	4_I
KF955528.1	DENV-4/KH/BID-V3836/2007	Zody_2014	NCBI	2007-XX-XX	Cambodia	4	4_I
KF041260.1	D4/Pakistan/150/2009	Koo_2013	NCBI	2009-XX-XX	Pakistan	4	4_I
JN638570.1	DF-patient	Tuiskunen_2013	NCBI	2008-XX-XX	Cambodia	4	4_I
JN638571.1	DHF-patient	Tuiskunen_2013	NCBI	2007-XX-XX	Cambodia	4	4_I
JN638572.1	DSS-patient	Tuiskunen_2013	NCBI	2008-XX-XX	Cambodia	4	4_I
JQ915081.1	PF09/290109-69	Aubry_2013	NCBI	2009-01-29	French-Polynesia	4	4_II_related
JQ915082.1	PF09/230309-126	Aubry_2013	NCBI	2009-03-23	French-Polynesia	4	4_II_related
JQ915083.1	PF09/080409-93	Aubry_2013	NCBI	2009-04-08	French-Polynesia	4	4_II_related
JQ915084.1	PF10/150610-28	Aubry_2013	NCBI	2010-06-15	French-Polynesia	4	4_II_related
JQ915085.1	NC08/200208-409	Aubry_2013	NCBI	2008-02-20	New-Caledonia	4	4_II_related
JQ915086.1	NC09/050209-1413	Aubry_2013	NCBI	2009-02-05	New-Caledonia	4	4_II_related
JQ915087.1	NC09/170309-6652	Aubry_2013	NCBI	2009-03-17	New-Caledonia	4	4_II_related
JQ915088.1	NC09/020409-9266	Aubry_2013	NCBI	2009-04-02	New-Caledonia	4	4_II_related
JQ915089.1	NC09/230909-14518	Aubry_2013	NCBI	2009-09-23	New-Caledonia	4	4_II_related
JQ915090.1	WF09/010409-0001	Aubry_2013	NCBI	2009-04-01	Wallis-and-Futuna	4	4_II_related
JQ922558.1	DENV-4/IND/624000/1962	Jayashri_2013	NCBI	1962-XX-XX	India	4	4_I_related
JQ922559.1	DENV-4/IND/793679/1979	Jayashri_2013	NCBI	1979-XX-XX	India	4	4_I
JQ922560.1	DENV-4/IND/0952326/2009	Jayashri_2013	NCBI	2009-XX-XX	India	4	4_I
KC333651.1	GZ/9809/2012	Bai_2013	NCBI	2012-XX-XX	China	4	4_II_related
JX024757.1	EHI310A129CY10	Hapuarachchi_2013	NCBI	2010-12-XX	Singapore	4	4_II_related
JX024758.1	EHI310A129SY10	Hapuarachchi_2013	NCBI	2010-12-XX	Singapore	4	4_II_related
JQ513330.1	DENV-4/ROR7357	Nunes_2012	NCBI	2010-07-17	Brazil	4	4_II
JQ513331.1	DENV-4/ROR7363	Nunes_2012	NCBI	2010-07-18	Brazil	4	4_II
JQ513332.1	DENV-4/ROR7465	Nunes_2012	NCBI	2010-08-20	Brazil	4	4_II
JQ513333.1	DENV-4/ROR7542	Nunes_2012	NCBI	2010-08-24	Brazil	4	4_II
JQ513334.1	DENV-4/STN31	Nunes_2012	NCBI	2010-11-10	Brazil	4	4_II
JQ513335.1	DENV-4/BEL83791	Nunes_2012	NCBI	2011-01-12	Brazil	4	4_II
JQ513336.1	DENV-4/BEL83804	Nunes_2012	NCBI	2011-01-11	Brazil	4	4_II
JQ513337.1	DENV-4/BEL83846	Nunes_2012	NCBI	2011-01-20	Brazil	4	4_II
JQ513338.1	DENV-4/AM4963	Nunes_2012	NCBI	2011-01-14	Brazil	4	4_II
JQ513339.1	DENV-4/AM5079	Nunes_2012	NCBI	2011-01-24	Brazil	4	4_II
JQ513340.1	DENV-4/ROR7591	Nunes_2012	NCBI	2010-11-29	Brazil	4	4_II
JQ513341.1	DENV-4/ROR7620	Nunes_2012	NCBI	2010-11-21	Brazil	4	4_II
JQ513342.1	DENV-4/AM5090	Nunes_2012	NCBI	2011-01-29	Brazil	4	4_II
JQ513343.1	DENV-4/AM5097	Nunes_2012	NCBI	2011-01-29	Brazil	4	4_II
JQ513344.1	DENV-4/AM5105	Nunes_2012	NCBI	2011-01-13	Brazil	4	4_II
JQ513345.1	DENV-4/BHI3581	Nunes_2012	NCBI	2011-03-18	Brazil	4	4_I
JQ822247.1	GZ30	Zhao_2012	NCBI	2010-XX-XX	China	4	4_II_related
JF741967.1	GZ1D4	Zhang_2012	NCBI	2010-09-26	China	4	4_II_related
HQ332172.1	VE_61027_2007	Rodriguez-Roche_2012	NCBI	2007-XX-XX	Venezuela	4	4_II
HQ332173.1	VE_61110_2007	Rodriguez-Roche_2012	NCBI	2007-XX-XX	Venezuela	4	4_II
HQ332174.1	VE_61073_2007	Rodriguez-Roche_2012	NCBI	2007-XX-XX	Venezuela	4	4_II
HQ332175.1	VE_61013_2007	Rodriguez-Roche_2012	NCBI	2007-XX-XX	Venezuela	4	4_II
HQ332176.1	VE_61054_2007	Rodriguez-Roche_2012	NCBI	2007-XX-XX	Venezuela	4	4_II
JN983813.1	Br246RR/10	Naveca_2012	NCBI	2010-09-08	Brazil	4	4_II
JF262779.1	P75-514	Rossi_2012	NCBI	1975-XX-XX	Malaysia	4	4_IV
JF262780.1	P73-1120	Rossi_2012	NCBI	1973-XX-XX	Malaysia	4	4_IV
JF262781.1	INH6412	Rossi_2012	NCBI	1995-XX-XX	Venezuela	4	4_II
JF262782.1	Haiti73	Rossi_2012	NCBI	1994-XX-XX	Haiti	4	4_II
JF262783.1	INDIA G11337	Rossi_2012	NCBI	1961-XX-XX	India	4	4_unassigned
JN559740.2	DENV-4/ROR82	Nunes_2011	NCBI	1982-03-26	Brazil	4	4_II
JN559741.2	DENV-4/ROR7365	Nunes_2011	NCBI	2010-07-21	Brazil	4	4_II
JN819406.1	DENV-4/VE/BID-V2607/2006	Henn_2011	NCBI	2006-XX-XX	Venezuela	4	4_II
JN819409.1	DENV-4/VE/BID-V2167/1998	Henn_2011	NCBI	1998-XX-XX	Venezuela	4	4_II
HQ875339.1	SG(EHI)D4/2641Y08	Lo_2011	NCBI	2008-XX-XX	Singapore	4	4_II_related
FJ196849.1	GD07/78	Wu_2011	NCBI	1978-XX-XX	China	4	4_II_related
FJ196850.1	GD09/90	Wu_2011	NCBI	1990-XX-XX	China	4	4_I
GQ398256.1	DENV-4/SG/06K2270DK1/2005	Christenbury_2010	NCBI	2005-XX-XX	Singapore	4	4_II_related
GU318306.1	D4/PR/93/DEC-1990	Bennett_2010	NCBI	1990-12-XX	Puerto-Rico	4	4_II
GU318307.1	D4/PR/94/DEC-1990	Bennett_2010	NCBI	1990-12-XX	Puerto-Rico	4	4_II
GU318308.1	D4/PR/96/DEC-1990	Bennett_2010	NCBI	1990-12-XX	Puerto-Rico	4	4_II
GU318309.1	D4/PR/97/JAN-1991	Bennett_2010	NCBI	1991-01-XX	Puerto-Rico	4	4_II
GU318310.1	D4/PR/107/NOV-1990	Bennett_2010	NCBI	1990-11-XX	Puerto-Rico	4	4_II
GU318311.1	D4/PR/114/1985	Bennett_2010	NCBI	1985-XX-XX	Puerto-Rico	4	4_II
GU318312.1	D4/PR/M31/1985	Bennett_2010	NCBI	1985-XX-XX	Puerto-Rico	4	4_II
GU318313.1	D4/PR/M32/1985	Bennett_2010	NCBI	1985-XX-XX	Puerto-Rico	4	4_II
GU318314.1	D4/PR/M33/1985	Bennett_2010	NCBI	1985-XX-XX	Puerto-Rico	4	4_II
GU318315.1	D4/PR/M34/1985	Bennett_2010	NCBI	1985-XX-XX	Puerto-Rico	4	4_II
GU318316.1	D4/PR/M35/1985	Bennett_2010	NCBI	1985-XX-XX	Puerto-Rico	4	4_II
GU318317.1	D4/PR/M36/1985	Bennett_2010	NCBI	1985-XX-XX	Puerto-Rico	4	4_II
GU318318.1	D4/PR/M37/1985	Bennett_2010	NCBI	1985-XX-XX	Puerto-Rico	4	4_II
GU289913.1	341750	Kelly_2009	NCBI	1982-XX-XX	Colombia	4	4_II
GQ868579.1	DENV-4/CO/BID-V3406/2001	Henn_2009	NCBI	2001-XX-XX	Colombia	4	4_II
GQ868580.1	DENV-4/CO/BID-V3407/2001	Henn_2009	NCBI	2001-XX-XX	Colombia	4	4_II
GQ868581.1	DENV-4/CO/BID-V3408/2001	Henn_2009	NCBI	2001-XX-XX	Colombia	4	4_II
GQ868582.1	DENV-4/CO/BID-V3409/2001	Henn_2009	NCBI	2001-XX-XX	Colombia	4	4_II
GQ868583.1	DENV-4/CO/BID-V3410/2004	Henn_2009	NCBI	2004-XX-XX	Colombia	4	4_II
GQ868584.1	DENV-4/CO/BID-V3411/2004	Henn_2009	NCBI	2004-XX-XX	Colombia	4	4_II
GQ868585.1	DENV-4/CO/BID-V3412/2005	Henn_2009	NCBI	2005-XX-XX	Colombia	4	4_II
GQ868594.1	DENV-4/PH/BID-V3361/1956	Henn_2009	NCBI	1956-XX-XX	Philippines	4	4_I
GQ868642.1	DENV-4/VE/BID-V1153/2007	Henn_2009	NCBI	2007-XX-XX	Venezuela	4	4_II
GQ868643.1	DENV-4/VE/BID-V1154/2007	Henn_2009	NCBI	2007-XX-XX	Venezuela	4	4_II
GQ868644.1	DENV-4/VE/BID-V1155/2007	Henn_2009	NCBI	2007-XX-XX	Venezuela	4	4_II
GQ868645.1	DENV-4/VE/BID-V1156/2007	Henn_2009	NCBI	2007-XX-XX	Venezuela	4	4_II
GQ199876.1	DENV-4/VE/BID-V2610/2007	Henn_2009	NCBI	2007-XX-XX	Venezuela	4	4_II
GQ199878.1	DENV-4/US/BID-V2429/1994	Henn_2009	NCBI	1994-XX-XX	Puerto-Rico	4	4_II
GQ199879.1	DENV-4/US/BID-V2430/1994	Henn_2009	NCBI	1994-XX-XX	Puerto-Rico	4	4_II
GQ199880.1	DENV-4/US/BID-V2431/1995	Henn_2009	NCBI	1995-XX-XX	Puerto-Rico	4	4_II
GQ199881.1	DENV-4/US/BID-V2435/1996	Henn_2009	NCBI	1996-XX-XX	Puerto-Rico	4	4_II
GQ199882.1	DENV-4/US/BID-V2436/1996	Henn_2009	NCBI	1996-XX-XX	Puerto-Rico	4	4_II
GQ199883.1	DENV-4/US/BID-V2437/1996	Henn_2009	NCBI	1996-XX-XX	Puerto-Rico	4	4_II
GQ199884.1	DENV-4/US/BID-V2438/1996	Henn_2009	NCBI	1996-XX-XX	Puerto-Rico	4	4_II
GQ199885.1	DENV-4/US/BID-V2439/1996	Henn_2009	NCBI	1996-XX-XX	Puerto-Rico	4	4_II
GQ252675.1	DENV-4/US/BID-V2432/1995	Henn_2009	NCBI	1995-XX-XX	Puerto-Rico	4	4_II
FJ882580.1	DENV-4/VE/BID-V2489/2007	Henn_2009	NCBI	2007-XX-XX	Venezuela	4	4_II
FJ882581.1	DENV-4/VE/BID-V2490/2007	Henn_2009	NCBI	2007-XX-XX	Venezuela	4	4_II
FJ882582.1	DENV-4/VE/BID-V2491/2007	Henn_2009	NCBI	2007-XX-XX	Venezuela	4	4_II
FJ882583.1	DENV-4/VE/BID-V2492/2007	Henn_2009	NCBI	2007-XX-XX	Venezuela	4	4_II
FJ882584.1	DENV-4/VE/BID-V2493/2007	Henn_2009	NCBI	2007-XX-XX	Venezuela	4	4_II
FJ882585.1	DENV-4/VE/BID-V2494/2007	Henn_2009	NCBI	2007-XX-XX	Venezuela	4	4_II
FJ882586.1	DENV-4/VE/BID-V2495/2007	Henn_2009	NCBI	2007-XX-XX	Venezuela	4	4_II
FJ882587.1	DENV-4/VE/BID-V2496/2007	Henn_2009	NCBI	2007-XX-XX	Venezuela	4	4_II
FJ882588.1	DENV-4/VE/BID-V2497/2007	Henn_2009	NCBI	2007-XX-XX	Venezuela	4	4_II
FJ882589.1	DENV-4/VE/BID-V2498/2007	Henn_2009	NCBI	2007-XX-XX	Venezuela	4	4_II
FJ882590.1	DENV-4/VE/BID-V2499/2007	Henn_2009	NCBI	2007-XX-XX	Venezuela	4	4_II
FJ882591.1	DENV-4/VE/BID-V2500/2007	Henn_2009	NCBI	2007-XX-XX	Venezuela	4	4_II
FJ882592.1	DENV-4/VE/BID-V2501/2008	Henn_2009	NCBI	2008-XX-XX	Venezuela	4	4_II
FJ882595.1	DENV-4/US/BID-V2441/1998	Henn_2009	NCBI	1998-XX-XX	Puerto-Rico	4	4_II
FJ882596.1	DENV-4/US/BID-V2442/1998	Henn_2009	NCBI	1998-XX-XX	Puerto-Rico	4	4_II
FJ882597.1	DENV-4/US/BID-V2444/1998	Henn_2009	NCBI	1998-XX-XX	Puerto-Rico	4	4_II
FJ882598.1	DENV-4/US/BID-V2445/1998	Henn_2009	NCBI	1998-XX-XX	Puerto-Rico	4	4_II
FJ882599.1	DENV-4/US/BID-V2446/1999	Henn_2009	NCBI	1999-XX-XX	Puerto-Rico	4	4_II
FJ882600.1	DENV-4/US/BID-V2447/1999	Henn_2009	NCBI	1999-XX-XX	Puerto-Rico	4	4_II
FJ882601.1	DENV-4/US/BID-V2448/1999	Henn_2009	NCBI	1999-XX-XX	Puerto-Rico	4	4_II
FJ810417.1	DENV-4/US/BID-V2433/1995	Henn_2009	NCBI	1995-XX-XX	Puerto-Rico	4	4_II
FJ850057.1	DENV-4/US/BID-V2434/1995	Henn_2009	NCBI	1995-XX-XX	Puerto-Rico	4	4_II
FJ850058.1	DENV-4/US/BID-V2440/1996	Henn_2009	NCBI	1996-XX-XX	Puerto-Rico	4	4_II
FJ850059.1	DENV-4/US/BID-V2443/1998	Henn_2009	NCBI	1998-XX-XX	Puerto-Rico	4	4_II
FJ850095.1	DENV-4/VE/BID-V2176/2000	Henn_2009	NCBI	2000-XX-XX	Venezuela	4	4_II
FJ639736.1	DENV-4/VE/BID-V2163/1998	Henn_2009	NCBI	1998-XX-XX	Venezuela	4	4_II
FJ639737.1	DENV-4/VE/BID-V2164/1998	Henn_2009	NCBI	1998-XX-XX	Venezuela	4	4_II
FJ639738.1	DENV-4/VE/BID-V2165/1998	Henn_2009	NCBI	1998-XX-XX	Venezuela	4	4_II
FJ639739.1	DENV-4/VE/BID-V2166/1998	Henn_2009	NCBI	1998-XX-XX	Venezuela	4	4_II
FJ639742.1	DENV-4/VE/BID-V2170/1999	Henn_2009	NCBI	1999-XX-XX	Venezuela	4	4_II
FJ639744.1	DENV-4/VE/BID-V2172/1999	Henn_2009	NCBI	1999-XX-XX	Venezuela	4	4_II
FJ639745.1	DENV-4/VE/BID-V2173/1999	Henn_2009	NCBI	1999-XX-XX	Venezuela	4	4_II
FJ639748.1	DENV-4/VE/BID-V2177/2000	Henn_2009	NCBI	2000-XX-XX	Venezuela	4	4_II
FJ639764.1	DENV-4/VE/BID-V2194/2001	Henn_2009	NCBI	2001-XX-XX	Venezuela	4	4_II
FJ639773.1	DENV-4/VE/BID-V2206/2001	Henn_2009	NCBI	2001-XX-XX	Venezuela	4	4_II
FJ226067.1	DENV-4/US/BID-V860/1994	Henn_2008	NCBI	1994-XX-XX	Puerto-Rico	4	4_II
FJ182016.1	DENV-4/VE/BID-V1158/2007	Henn_2008	NCBI	2007-XX-XX	Venezuela	4	4_II
FJ182017.1	DENV-4/VE/BID-V1160/2007	Henn_2008	NCBI	2007-XX-XX	Venezuela	4	4_II
EU854295.1	DENV-4/US/BID-V1083/1986	Henn_2008	NCBI	1986-XX-XX	Puerto-Rico	4	4_II
EU854296.1	DENV-4/US/BID-V1093/1998	Henn_2008	NCBI	1998-XX-XX	Puerto-Rico	4	4_II
EU854297.1	DENV-4/US/BID-V1094/1998	Henn_2008	NCBI	1998-XX-XX	Puerto-Rico	4	4_II
EU854299.1	DENV-4/VE/BID-V1157/2007	Henn_2008	NCBI	2007-XX-XX	Venezuela	4	4_II
EU854300.1	DENV-4/VE/BID-V1159/2007	Henn_2008	NCBI	2007-XX-XX	Venezuela	4	4_II
EU854301.1	DENV-4/VE/BID-V1161/2007	Henn_2008	NCBI	2007-XX-XX	Venezuela	4	4_II
FJ024424.1	DENV-4/US/BID-V1082/1998	Henn_2008	NCBI	1998-XX-XX	Puerto-Rico	4	4_II
FJ024476.1	DENV-4/CO/BID-V1600/1997	Henn_2008	NCBI	1997-XX-XX	Colombia	4	4_II
EF457906.1	P75-215	Vasilakis_2007	NCBI	1975-XX-XX	Malaysia	4	4_IV
AY776330.1	Taiwan-2K0713	Su_2005	NCBI	2000-07-13	Taiwan	4	4_II_related
AY618988.1	ThD4_0476_97	Klungthong_2005	NCBI	1997-XX-XX	Thailand	4	4_III
AY618989.1	ThD4_0017_97	Klungthong_2005	NCBI	1997-XX-XX	Thailand	4	4_III
AY618990.1	ThD4_0348_91	Klungthong_2005	NCBI	1991-XX-XX	Thailand	4	4_I
AY618991.1	ThD4_0087_77	Klungthong_2005	NCBI	1977-XX-XX	Thailand	4	4_I
AY618992.1	ThD4_0485_01	Klungthong_2005	NCBI	2001-XX-XX	Thailand	4	4_I
AY618993.1	ThD4_0734_00	Klungthong_2005	NCBI	2000-XX-XX	Thailand	4	4_II_related
AY858049.1	SW36i	Suwandono_2005	NCBI	2004-XX-XX	Indonesia	4	4_II_related
AY858050.1	SW38i	Suwandono_2005	NCBI	2004-XX-XX	Indonesia	4	4_II_related
AY762085.1	8976/95	Yoong_2004	NCBI	1995-XX-XX	Singapore	4	4_II
AF289029.1	B5	Wang_2000	NCBI	1990-XX-XX	China	4	4_I
M14931.2	814669	Zhao_1993	NCBI	1981-XX-XX	Dominican-Republic	4	4_II
MT597439.1	43257	Hwang_2020	NCBI	2010-XX-XX	South-Korea	4	4_II_related
MH450305.1	DENVEN-CC0030	Lizarazo_2018	NCBI	2010-09-01	Venezuela	4	4_II
MH450307.1	DENVEN-CC0093	Lizarazo_2018	NCBI	2011-02-16	Venezuela	4	4_II
MH450308.1	DENVEN-CC0147	Lizarazo_2018	NCBI	2011-11-01	Venezuela	4	4_II
MH450309.1	DENVEN-CC0186	Lizarazo_2018	NCBI	2012-07-17	Venezuela	4	4_II
KX059015.1	SL319_C_SriLanka_2012.641	Uehara_2017	NCBI	2012-07-XX	Sri-Lanka	4	4_I
KX059016.1	SL520_C_SriLanka_2012.375	Uehara_2017	NCBI	2012-04-XX	Sri-Lanka	4	4_I
KX059017.1	SL560_C_SriLanka_2012.773	Uehara_2017	NCBI	2012-09-XX	Sri-Lanka	4	4_I
KX059018.1	SL588_C_SriLanka_2012.381	Uehara_2017	NCBI	2012-04-XX	Sri-Lanka	4	4_I
KX059019.1	SL595_C_SriLanka_2012.603	Uehara_2017	NCBI	2012-07-XX	Sri-Lanka	4	4_I
KX059020.1	SL612_C_SriLanka_2012.822	Uehara_2017	NCBI	2012-09-XX	Sri-Lanka	4	4_I
KX059021.1	SL628_C_SriLanka_2012.868	Uehara_2017	NCBI	2012-10-XX	Sri-Lanka	4	4_I
KX059022.1	SL637_C_SriLanka_2012.89	Uehara_2017	NCBI	2012-10-XX	Sri-Lanka	4	4_I
KX059023.1	SL657_C_SriLanka_2012.975	Uehara_2017	NCBI	2012-11-XX	Sri-Lanka	4	4_I
KX059024.1	SL684_C_SriLanka_2013.041	Uehara_2017	NCBI	2013-01-XX	Sri-Lanka	4	4_I
KX059025.1	SL723_C_SriLanka_2013.101	Uehara_2017	NCBI	2013-02-XX	Sri-Lanka	4	4_I
KX059026.1	SL747_C_SriLanka_2013.142	Uehara_2017	NCBI	2013-02-XX	Sri-Lanka	4	4_I
KX059027.1	SL768_C_SriLanka_2013.211	Uehara_2017	NCBI	2013-03-XX	Sri-Lanka	4	4_I
KX059028.1	SL2136_G_SriLanka_2012.567	Uehara_2017	NCBI	2012-07-XX	Sri-Lanka	4	4_I
KX059029.1	SL2222_G_SriLanka_2012.627	Uehara_2017	NCBI	2012-08-XX	Sri-Lanka	4	4_I
KX059030.1	SL2262_G_SriLanka_2012.622	Uehara_2017	NCBI	2012-08-XX	Sri-Lanka	4	4_I
KX059031.1	SL2310_G_SriLanka_2012.663	Uehara_2017	NCBI	2012-08-XX	Sri-Lanka	4	4_I
KX059032.1	SL2320_G_SriLanka_2012.679	Uehara_2017	NCBI	2012-09-XX	Sri-Lanka	4	4_I
KX059033.1	SL2390_G_SriLanka_2012.753	Uehara_2017	NCBI	2012-10-XX	Sri-Lanka	4	4_I
KX059034.1	SL2428_G_SriLanka_2012.764	Uehara_2017	NCBI	2012-10-XX	Sri-Lanka	4	4_I
KX059035.1	SL2450_G_SriLanka_2012.786	Uehara_2017	NCBI	2012-10-XX	Sri-Lanka	4	4_I
KX059036.1	SL2544_G_SriLanka_2012.879	Uehara_2017	NCBI	2012-11-XX	Sri-Lanka	4	4_I
KX059037.1	SL2590_G_SriLanka_2012.921	Uehara_2017	NCBI	2012-12-XX	Sri-Lanka	4	4_I
KY369950.1	GU11/2013/BR	Ortiz-Baez_2017	NCBI	2013-02-XX	Brazil	4	4_II
KY369951.1	GU145/2013/BR	Ortiz-Baez_2017	NCBI	2013-02-XX	Brazil	4	4_II
KY586823.1	Ser4_Thailand_nonBKK_Seq1	Salje_2017	NCBI	2002-XX-XX	Thailand	4	4_II
KY586824.1	Ser4_Thailand_nonBKK_Seq2	Salje_2017	NCBI	2001-XX-XX	Thailand	4	4_II
KY586825.1	Ser4_Thailand_nonBKK_Seq3	Salje_2017	NCBI	2001-XX-XX	Thailand	4	4_II
KY586826.1	Ser4_Thailand_nonBKK_Seq4	Salje_2017	NCBI	2001-XX-XX	Thailand	4	4_II
KY586827.1	Ser4_Thailand_Bangkok_Seq1	Salje_2017	NCBI	2000-XX-XX	Thailand	4	4_II_related
KY586828.1	Ser4_Thailand_nonBKK_Seq5	Salje_2017	NCBI	2006-XX-XX	Thailand	4	4_I
KY586829.1	Ser4_Thailand_nonBKK_Seq6	Salje_2017	NCBI	2010-XX-XX	Thailand	4	4_I
KY586830.1	Ser4_Thailand_Bangkok_Seq2	Salje_2017	NCBI	2002-XX-XX	Thailand	4	4_I
KY586831.1	Ser4_Thailand_Bangkok_Seq3	Salje_2017	NCBI	2003-XX-XX	Thailand	4	4_I
KY586832.1	Ser4_Thailand_nonBKK_Seq7	Salje_2017	NCBI	1999-XX-XX	Thailand	4	4_I
KY586833.1	Ser4_Thailand_Bangkok_Seq4	Salje_2017	NCBI	1998-XX-XX	Thailand	4	4_I
KY586834.1	Ser4_Thailand_Bangkok_Seq5	Salje_2017	NCBI	1998-XX-XX	Thailand	4	4_I
KY586835.1	Ser4_Thailand_Bangkok_Seq6	Salje_2017	NCBI	1998-XX-XX	Thailand	4	4_I
KY586836.1	Ser4_Thailand_Bangkok_Seq7	Salje_2017	NCBI	1995-XX-XX	Thailand	4	4_I
KY586837.1	Ser4_Thailand_Bangkok_Seq8	Salje_2017	NCBI	1995-XX-XX	Thailand	4	4_I
KY586838.1	Ser4_Thailand_Bangkok_Seq9	Salje_2017	NCBI	1995-XX-XX	Thailand	4	4_I
KY586839.1	Ser4_Thailand_Bangkok_Seq10	Salje_2017	NCBI	1995-XX-XX	Thailand	4	4_I
KY586840.1	Ser4_Thailand_nonBKK_Seq8	Salje_2017	NCBI	2010-XX-XX	Thailand	4	4_I
KY586841.1	Ser4_Thailand_nonBKK_Seq9	Salje_2017	NCBI	2010-XX-XX	Thailand	4	4_I
KY586842.1	Ser4_Thailand_Bangkok_Seq11	Salje_2017	NCBI	2006-XX-XX	Thailand	4	4_I
KY586843.1	Ser4_Thailand_Bangkok_Seq12	Salje_2017	NCBI	2006-XX-XX	Thailand	4	4_I
KY586844.1	Ser4_Thailand_Bangkok_Seq13	Salje_2017	NCBI	2006-XX-XX	Thailand	4	4_I
KY586845.1	Ser4_Thailand_Bangkok_Seq14	Salje_2017	NCBI	2006-XX-XX	Thailand	4	4_I
KY586846.1	Ser4_Thailand_Bangkok_Seq15	Salje_2017	NCBI	2006-XX-XX	Thailand	4	4_I
KY586847.1	Ser4_Thailand_nonBKK_Seq10	Salje_2017	NCBI	2006-XX-XX	Thailand	4	4_I
KY586848.1	Ser4_Thailand_Bangkok_Seq16	Salje_2017	NCBI	2004-XX-XX	Thailand	4	4_I
KY586849.1	Ser4_Thailand_Bangkok_Seq17	Salje_2017	NCBI	2006-XX-XX	Thailand	4	4_I
KY586850.1	Ser4_Thailand_Bangkok_Seq18	Salje_2017	NCBI	2006-XX-XX	Thailand	4	4_I
KY586851.1	Ser4_Thailand_Bangkok_Seq19	Salje_2017	NCBI	2004-XX-XX	Thailand	4	4_I
KY586852.1	Ser4_Thailand_Bangkok_Seq20	Salje_2017	NCBI	2006-XX-XX	Thailand	4	4_I
KY586853.1	Ser4_Thailand_Bangkok_Seq21	Salje_2017	NCBI	2006-XX-XX	Thailand	4	4_I
KY586854.1	Ser4_Thailand_Bangkok_Seq22	Salje_2017	NCBI	2004-XX-XX	Thailand	4	4_I
KY586855.1	Ser4_Thailand_nonBKK_Seq11	Salje_2017	NCBI	2005-XX-XX	Thailand	4	4_I
KY586856.1	Ser4_Thailand_Bangkok_Seq23	Salje_2017	NCBI	2004-XX-XX	Thailand	4	4_I
KY586857.1	Ser4_Thailand_nonBKK_Seq12	Salje_2017	NCBI	2003-XX-XX	Thailand	4	4_I
KY586858.1	Ser4_Thailand_nonBKK_Seq13	Salje_2017	NCBI	2007-XX-XX	Thailand	4	4_I
KY586859.1	Ser4_Thailand_Bangkok_Seq24	Salje_2017	NCBI	2006-XX-XX	Thailand	4	4_I
KY586860.1	Ser4_Thailand_Bangkok_Seq25	Salje_2017	NCBI	2006-XX-XX	Thailand	4	4_I
KY586861.1	Ser4_Thailand_Bangkok_Seq26	Salje_2017	NCBI	2004-XX-XX	Thailand	4	4_I
KY586862.1	Ser4_Thailand_nonBKK_Seq14	Salje_2017	NCBI	2004-XX-XX	Thailand	4	4_I
KY586863.1	Ser4_Thailand_Bangkok_Seq27	Salje_2017	NCBI	2006-XX-XX	Thailand	4	4_I
KY586864.1	Ser4_Thailand_Bangkok_Seq28	Salje_2017	NCBI	2004-XX-XX	Thailand	4	4_I
KY586865.1	Ser4_Thailand_nonBKK_Seq15	Salje_2017	NCBI	2005-XX-XX	Thailand	4	4_I
KY586866.1	Ser4_Thailand_nonBKK_Seq16	Salje_2017	NCBI	2004-XX-XX	Thailand	4	4_I
KY586867.1	Ser4_Thailand_Bangkok_Seq29	Salje_2017	NCBI	2004-XX-XX	Thailand	4	4_I
KY586868.1	Ser4_Thailand_nonBKK_Seq17	Salje_2017	NCBI	2005-XX-XX	Thailand	4	4_I
KY586869.1	Ser4_Thailand_Bangkok_Seq30	Salje_2017	NCBI	2001-XX-XX	Thailand	4	4_I
KY586870.1	Ser4_Thailand_nonBKK_Seq18	Salje_2017	NCBI	2002-XX-XX	Thailand	4	4_I
KY586871.1	Ser4_Thailand_nonBKK_Seq19	Salje_2017	NCBI	2008-XX-XX	Thailand	4	4_I
KY586872.1	Ser4_Thailand_Bangkok_Seq31	Salje_2017	NCBI	2004-XX-XX	Thailand	4	4_I
KY586873.1	Ser4_Thailand_Bangkok_Seq32	Salje_2017	NCBI	2006-XX-XX	Thailand	4	4_I
KY586874.1	Ser4_Thailand_nonBKK_Seq20	Salje_2017	NCBI	2007-XX-XX	Thailand	4	4_I
KY586875.1	Ser4_Thailand_Bangkok_Seq33	Salje_2017	NCBI	2006-XX-XX	Thailand	4	4_I
KY586876.1	Ser4_Thailand_Bangkok_Seq34	Salje_2017	NCBI	2004-XX-XX	Thailand	4	4_I
KY586877.1	Ser4_Thailand_nonBKK_Seq21	Salje_2017	NCBI	2003-XX-XX	Thailand	4	4_I
KY586878.1	Ser4_Thailand_Bangkok_Seq35	Salje_2017	NCBI	2002-XX-XX	Thailand	4	4_I
KY586879.1	Ser4_Thailand_nonBKK_Seq22	Salje_2017	NCBI	2004-XX-XX	Thailand	4	4_I
KY586880.1	Ser4_Thailand_nonBKK_Seq23	Salje_2017	NCBI	2005-XX-XX	Thailand	4	4_I
KY586881.1	Ser4_Thailand_nonBKK_Seq24	Salje_2017	NCBI	2004-XX-XX	Thailand	4	4_I
KY586882.1	Ser4_Thailand_Bangkok_Seq36	Salje_2017	NCBI	2004-XX-XX	Thailand	4	4_I
KY586883.1	Ser4_Thailand_Bangkok_Seq37	Salje_2017	NCBI	2006-XX-XX	Thailand	4	4_I
KY586884.1	Ser4_Thailand_Bangkok_Seq38	Salje_2017	NCBI	2006-XX-XX	Thailand	4	4_I
KY586885.1	Ser4_Thailand_Bangkok_Seq39	Salje_2017	NCBI	2004-XX-XX	Thailand	4	4_I
KY586886.1	Ser4_Thailand_Bangkok_Seq40	Salje_2017	NCBI	2001-XX-XX	Thailand	4	4_I
KY586887.1	Ser4_Thailand_nonBKK_Seq25	Salje_2017	NCBI	2002-XX-XX	Thailand	4	4_I
KY586888.1	Ser4_Thailand_nonBKK_Seq26	Salje_2017	NCBI	2004-XX-XX	Thailand	4	4_I
KY586889.1	Ser4_Thailand_nonBKK_Seq27	Salje_2017	NCBI	2003-XX-XX	Thailand	4	4_I
KY586890.1	Ser4_Thailand_nonBKK_Seq28	Salje_2017	NCBI	2005-XX-XX	Thailand	4	4_I
KY586891.1	Ser4_Thailand_nonBKK_Seq29	Salje_2017	NCBI	2005-XX-XX	Thailand	4	4_I
KY586892.1	Ser4_Thailand_Bangkok_Seq41	Salje_2017	NCBI	2002-XX-XX	Thailand	4	4_I
KY586893.1	Ser4_Thailand_Bangkok_Seq42	Salje_2017	NCBI	2002-XX-XX	Thailand	4	4_I
KY586894.1	Ser4_Thailand_Bangkok_Seq43	Salje_2017	NCBI	2002-XX-XX	Thailand	4	4_I
KY586895.1	Ser4_Thailand_nonBKK_Seq30	Salje_2017	NCBI	2002-XX-XX	Thailand	4	4_I
KY586896.1	Ser4_Thailand_nonBKK_Seq31	Salje_2017	NCBI	2002-XX-XX	Thailand	4	4_I
KY586897.1	Ser4_Thailand_nonBKK_Seq32	Salje_2017	NCBI	2002-XX-XX	Thailand	4	4_I
KY586898.1	Ser4_Thailand_nonBKK_Seq33	Salje_2017	NCBI	2000-XX-XX	Thailand	4	4_I
KY586899.1	Ser4_Thailand_Bangkok_Seq44	Salje_2017	NCBI	2002-XX-XX	Thailand	4	4_I
KY586900.1	Ser4_Thailand_nonBKK_Seq34	Salje_2017	NCBI	2001-XX-XX	Thailand	4	4_I
KY586901.1	Ser4_Thailand_nonBKK_Seq35	Salje_2017	NCBI	2002-XX-XX	Thailand	4	4_I
KY586902.1	Ser4_Thailand_Bangkok_Seq45	Salje_2017	NCBI	2000-XX-XX	Thailand	4	4_I
KY586903.1	Ser4_Thailand_Bangkok_Seq46	Salje_2017	NCBI	2000-XX-XX	Thailand	4	4_I
KY586904.1	Ser4_Thailand_Bangkok_Seq47	Salje_2017	NCBI	2000-XX-XX	Thailand	4	4_I
KY586905.1	Ser4_Thailand_nonBKK_Seq36	Salje_2017	NCBI	2004-XX-XX	Thailand	4	4_I
KY586906.1	Ser4_Thailand_Bangkok_Seq48	Salje_2017	NCBI	2002-XX-XX	Thailand	4	4_I
KY586907.1	Ser4_Thailand_Bangkok_Seq49	Salje_2017	NCBI	2003-XX-XX	Thailand	4	4_I
KY586908.1	Ser4_Thailand_nonBKK_Seq37	Salje_2017	NCBI	2000-XX-XX	Thailand	4	4_I
KY586909.1	Ser4_Thailand_nonBKK_Seq38	Salje_2017	NCBI	2000-XX-XX	Thailand	4	4_I
KY586910.1	Ser4_Thailand_Bangkok_Seq50	Salje_2017	NCBI	2001-XX-XX	Thailand	4	4_I
KY586911.1	Ser4_Thailand_Bangkok_Seq51	Salje_2017	NCBI	2001-XX-XX	Thailand	4	4_I
KY586912.1	Ser4_Thailand_Bangkok_Seq52	Salje_2017	NCBI	2000-XX-XX	Thailand	4	4_I
KY586913.1	Ser4_Thailand_Bangkok_Seq53	Salje_2017	NCBI	2001-XX-XX	Thailand	4	4_I
KY586914.1	Ser4_Thailand_Bangkok_Seq54	Salje_2017	NCBI	2000-XX-XX	Thailand	4	4_I
KY586915.1	Ser4_Thailand_Bangkok_Seq55	Salje_2017	NCBI	2001-XX-XX	Thailand	4	4_I
KY586916.1	Ser4_Thailand_Bangkok_Seq56	Salje_2017	NCBI	2001-XX-XX	Thailand	4	4_I
KY586917.1	Ser4_Thailand_Bangkok_Seq57	Salje_2017	NCBI	2000-XX-XX	Thailand	4	4_I
KY586918.1	Ser4_Thailand_Bangkok_Seq58	Salje_2017	NCBI	2000-XX-XX	Thailand	4	4_I
KY586919.1	Ser4_Thailand_Bangkok_Seq59	Salje_2017	NCBI	2000-XX-XX	Thailand	4	4_I
KY586920.1	Ser4_Thailand_Bangkok_Seq60	Salje_2017	NCBI	2001-XX-XX	Thailand	4	4_I
KY586921.1	Ser4_Thailand_Bangkok_Seq61	Salje_2017	NCBI	2001-XX-XX	Thailand	4	4_I
KY586922.1	Ser4_Thailand_Bangkok_Seq62	Salje_2017	NCBI	1998-XX-XX	Thailand	4	4_I
KY586923.1	Ser4_Thailand_nonBKK_Seq39	Salje_2017	NCBI	2003-XX-XX	Thailand	4	4_I
KY586924.1	Ser4_Thailand_nonBKK_Seq40	Salje_2017	NCBI	2003-XX-XX	Thailand	4	4_I
KY586925.1	Ser4_Thailand_Bangkok_Seq63	Salje_2017	NCBI	2002-XX-XX	Thailand	4	4_I
KY586926.1	Ser4_Thailand_nonBKK_Seq41	Salje_2017	NCBI	2002-XX-XX	Thailand	4	4_I
KY586927.1	Ser4_Thailand_Bangkok_Seq64	Salje_2017	NCBI	2001-XX-XX	Thailand	4	4_I
KY586928.1	Ser4_Thailand_Bangkok_Seq65	Salje_2017	NCBI	2001-XX-XX	Thailand	4	4_I
KY586929.1	Ser4_Thailand_Bangkok_Seq66	Salje_2017	NCBI	2002-XX-XX	Thailand	4	4_I
KY586930.1	Ser4_Thailand_Bangkok_Seq67	Salje_2017	NCBI	2002-XX-XX	Thailand	4	4_I
KY586931.1	Ser4_Thailand_Bangkok_Seq68	Salje_2017	NCBI	2002-XX-XX	Thailand	4	4_I
KY586932.1	Ser4_Thailand_Bangkok_Seq69	Salje_2017	NCBI	2000-XX-XX	Thailand	4	4_I
KY586933.1	Ser4_Thailand_Bangkok_Seq70	Salje_2017	NCBI	2000-XX-XX	Thailand	4	4_I
KY586934.1	Ser4_Thailand_Bangkok_Seq71	Salje_2017	NCBI	2001-XX-XX	Thailand	4	4_I
KY586935.1	Ser4_Thailand_Bangkok_Seq72	Salje_2017	NCBI	2000-XX-XX	Thailand	4	4_I
KY586936.1	Ser4_Thailand_Bangkok_Seq73	Salje_2017	NCBI	2000-XX-XX	Thailand	4	4_I
KY586937.1	Ser4_Thailand_Bangkok_Seq74	Salje_2017	NCBI	2000-XX-XX	Thailand	4	4_I
KY586938.1	Ser4_Thailand_Bangkok_Seq75	Salje_2017	NCBI	1995-XX-XX	Thailand	4	4_I
KY586939.1	Ser4_Thailand_Bangkok_Seq76	Salje_2017	NCBI	1995-XX-XX	Thailand	4	4_I
KY586940.1	Ser4_Thailand_Bangkok_Seq77	Salje_2017	NCBI	1995-XX-XX	Thailand	4	4_I
KY586941.1	Ser4_Thailand_Bangkok_Seq78	Salje_2017	NCBI	1998-XX-XX	Thailand	4	4_I
KY586942.1	Ser4_Thailand_Bangkok_Seq79	Salje_2017	NCBI	2006-XX-XX	Thailand	4	4_I
KY586943.1	Ser4_Thailand_Bangkok_Seq80	Salje_2017	NCBI	1995-XX-XX	Thailand	4	4_I
KY586944.1	Ser4_Thailand_Bangkok_Seq81	Salje_2017	NCBI	2001-XX-XX	Thailand	4	4_III_related
KY586945.1	Ser4_Thailand_Bangkok_Seq82	Salje_2017	NCBI	1998-XX-XX	Thailand	4	4_III_related
KY586946.1	Ser4_Thailand_Bangkok_Seq83	Salje_2017	NCBI	1998-XX-XX	Thailand	4	4_III_related
KT026308.1	TH11/1194	Nitatpattana_2015	NCBI	2011-XX-XX	Thailand	4	4_I
KT026309.1	TH11/1373	Nitatpattana_2015	NCBI	2011-XX-XX	Thailand	4	4_I
KT026310.1	TH11/1404	Nitatpattana_2015	NCBI	2011-XX-XX	Thailand	4	4_I
MW788988.1	YCH_60_17consensus	Soe_2021	NCBI	2017-06-XX	Myanmar	4	4_I
MW788989.1	YCH_117_17consensus	Soe_2021	NCBI	2017-06-XX	Myanmar	4	4_I
MW788990.1	YCH_155_17consensus	Soe_2021	NCBI	2017-07-XX	Myanmar	4	4_I
MW788991.1	YCH_335_17consensus	Soe_2021	NCBI	2017-08-XX	Myanmar	4	4_I
MW788992.1	YCH_363_17consensus	Soe_2021	NCBI	2017-08-XX	Myanmar	4	4_I
MW788993.1	YGH_9_17consensus	Soe_2021	NCBI	2017-06-XX	Myanmar	4	4_I
MW788994.1	YGH_16_17consensus	Soe_2021	NCBI	2017-06-XX	Myanmar	4	4_I
MW788995.1	YGH_20_17consensus	Soe_2021	NCBI	2017-06-XX	Myanmar	4	4_I
MW789000.1	YCH_D4_5_18consensus	Soe_2021	NCBI	2018-07-XX	Myanmar	4	4_I
MW789001.1	YCH_D4_10_18consensus	Soe_2021	NCBI	2018-11-XX	Myanmar	4	4_I
MW789002.1	YCH_D4_4_18consensus	Soe_2021	NCBI	2018-07-XX	Myanmar	4	4_I
MW789003.1	YCH_D4_3_18consensus	Soe_2021	NCBI	2018-07-XX	Myanmar	4	4_I
MW789004.1	YGH_D4_11_18consensus	Soe_2021	NCBI	2018-07-XX	Myanmar	4	4_I
MW789005.1	YCH_D4_2_18consensus	Soe_2021	NCBI	2018-07-XX	Myanmar	4	4_I
MW789006.1	YCH_D4_8_18consensus	Soe_2021	NCBI	2018-07-XX	Myanmar	4	4_I
MW789007.1	YCH_D4_9_18consensus	Soe_2021	NCBI	2018-10-XX	Myanmar	4	4_I
OK040058.1	KAJP29_DENV1_Borneo_South.East.Asia_2017	Alfsnes_2021	NCBI	2017-XX-XX	Borneo	4	4_II_related
OK605599.1	DKE-121	Chen_2021	NCBI	2007-XX-XX	Borneo	4	4_IV_related
AP008	P_7-1006	Ott_2021	Yale	1969-XX-XX	Malaysia	4	4_I
AP009	P_73-1120	Ott_2021	Yale	1973-XX-XX	Malaysia	4	4_IV
AP010	P_75-215	Ott_2021	Yale	1975-XX-XX	Malaysia	4	4_IV
AP011	P_75-514/P_75-54	Ott_2021	Yale	1975-XX-XX	Malaysia	4	4_IV
AP012	P_9-592	Ott_2021	Yale	1971-05-17	Malaysia	4	4_I
DH113	TVP-2177	Ott_2021	Yale	1989-XX-XX	Dominican-Republic	4	4_II
DH114	TVP-2174	Ott_2021	Yale	1987-XX-XX	El-Salvador	4	4_II
DH115	G_11337	Ott_2021	Yale	1961-XX-XX	India	4	4_II
DH116	611319	Ott_2021	Yale	1961-XX-XX	India	4	4_unassigned
DH117	I_654219-1	Ott_2021	Yale	1965-XX-XX	India	4	4_unassigned
DH118	JKT_84-759	Ott_2021	Yale	1984-XX-XX	Indonesia	4	4_I_related
DH119	JKT_85-934	Ott_2021	Yale	1985-XX-XX	Indonesia	4	4_II
DH122	PRS_228800	Ott_2021	Yale	1978-XX-XX	Sri-Lanka	4	4_I
DH123	PRS_228800	Ott_2021	Yale	1978-XX-XX	Sri-Lanka	4	4_I
DH124	779157	Ott_2021	Yale	1988-XX-XX	Taiwan	4	4_I
DH125	88609	Ott_2021	Yale	1990-XX-XX	Venezuela	4	4_I
DH127	JQ_10-90	Ott_2021	Yale	1990-XX-XX	Venezuela	4	4_II
DH129	INS_352066	Ott_2021	Yale	1988-XX-XX	Colombia	4	4_II
DH138	P73-1120	Ott_2021	Yale	1973-XX-XX	Malaysia	4	4_IV
DH139	P_75-215	Ott_2021	Yale	1975-XX-XX	Malaysia	4	4_IV
DH140	P_75-514/P_75-54	Ott_2021	Yale	1975-XX-XX	Malaysia	4	4_IV
DH149_AMPL	V0624301-AC_33	Ott_2021	Yale	2011-XX-XX	Cambodia	4	4_I
DH157_AMPL	SL_11-17-03	Ott_2021	Yale	2003-11-17	Sri-Lanka	4	4_I
DH170_AMPL	81087	Ott_2021	Yale	2008-XX-XX	Myanmar	4	4_I
Yale-DN00039	190397	FL-DPH	Yale	2013-08-14	Puerto-Rico	4	4_II_related
Yale-DN00261	190134	FL-DPH	Yale	2012-08-20	Cuba	4	4_II
Yale-DN00098	190116	FL-DPH	Yale	2012-10-03	Cuba	4	4_II
Yale-DN00334	190446	FL-DPH	Yale	2013-09-06	Haiti	4	4_II
Yale-DN00042-1	190288	FL-DPH	Yale	2013-08-18	Puerto-Rico	4	4_II_related
Yale-DN00067	190339	FL-DPH	Yale	2016-03-21	Jamaica	4	4_II_related
Yale-DN00257-1	190291	FL-DPH	Yale	2010-08-05	Puerto-Rico	4	4_II
Yale-DN00342-1	190515	FL-DPH	Yale	2014-03-13	Bolivia	4	4_II
Yale-DN00326	190110	FL-DPH	Yale	2013-12-06	Cuba	4	4_II
Yale-DN00060	190086	FL-DPH	Yale	2016-02-05	Cuba	4	4_II
Yale-DN00341	190022	FL-DPH	Yale	2014-08-06	Cuba	4	4_II
Yale-DN00703-1	220307	FL-DPH	Yale	2022-06-15	Cuba	4	4_II
Yale-DN00729	220168	FL-DPH	Yale	2022-06-19	Cuba	4	4_II
Yale-DN00740-1	220173	FL-DPH	Yale	2022-07-05	Cuba	4	4_II
Yale-DN00731-1	220041	FL-DPH	Yale	2022-06-24	Cuba	4	4_II
Yale-DN00751-1	220076	FL-DPH	Yale	2022-07-11	Cuba	4	4_II
US/DB406/2022	220164	FL-DPH	CDC	2022-08-10	Cuba	4	4_II
US/DB407/2022	230630	FL-DPH	CDC	2022-10-08	Cuba	4	4_II
US/DB408/2022	230611	FL-DPH	CDC	2022-10-24	Cuba	4	4_II
US/DB409/2022	230677	FL-DPH	CDC	2022-10-26	Cuba	4	4_II
US/DB410/2022	230685	FL-DPH	CDC	2022-11-03	Florida(USA)	4	4_II
Yale-DN00034-1	190154	FL-DPH	Yale	2013-09-04	Puerto-Rico	4	4_II
Yale-DN00298-1	190458	FL-DPH	Yale	2013-08-21	Dominica	4	4_II_related
Yale-DN00313-1	190268	FL-DPH	Yale	2014-06-21	Dominican-Republic	4	4_II
Yale-DN00747-2	220002	FL-DPH	Yale	2022-07-15	Cuba	4	4_II
OQ426977.1	DEN-F-0048-04-1	Ashall_2023	NCBI	2018-02-02	Vietnam	4	4_I
OQ426978.1	DEN-P-1251-1	Ashall_2023	NCBI	2018-12-07	Vietnam	4	4_I
OQ426979.1	DET-F-0078-05-1	Ashall_2023	NCBI	2017-08-24	Vietnam	4	4_I
OQ426980.1	DET-P-0089-1	Ashall_2023	NCBI	2017-09-07	Vietnam	4	4_I
OQ426981.1	DET-P-0336-1	Ashall_2023	NCBI	2018-11-23	Vietnam	4	4_I
OQ426982.1	DET-P-0401-1	Ashall_2023	NCBI	2018-12-18	Vietnam	4	4_I
OQ426983.1	DEN-F-0032-03-1	Ashall_2023	NCBI	2017-09-06	Vietnam	4	4_I
OQ426984.1	DEN-P-0200-1	Ashall_2023	NCBI	2017-01-03	Vietnam	4	4_I
OQ426985.1	DEN-P-0260-1	Ashall_2023	NCBI	2017-02-17	Vietnam	4	4_I
OQ426986.1	DEN-P-0517-1	Ashall_2023	NCBI	2017-08-11	Vietnam	4	4_I
OQ426987.1	DEN-P-0554-1	Ashall_2023	NCBI	2017-09-06	Vietnam	4	4_I
OQ426988.1	DEN-P-0557-1	Ashall_2023	NCBI	2017-09-14	Vietnam	4	4_I
OQ426989.1	DEN-P-0701-1	Ashall_2023	NCBI	2018-01-15	Vietnam	4	4_I
OQ426990.1	DEN-P-0780-1	Ashall_2023	NCBI	2018-03-19	Vietnam	4	4_I
OQ426991.1	DEN-P-0851-1	Ashall_2023	NCBI	2018-06-05	Vietnam	4	4_I
OQ426992.1	DEN-P-0871-1	Ashall_2023	NCBI	2018-07-05	Vietnam	4	4_I
OQ426993.1	DEN-P-0917-1	Ashall_2023	NCBI	2018-08-31	Vietnam	4	4_I
OQ426994.1	DEN-P-0938-1	Ashall_2023	NCBI	2018-09-20	Vietnam	4	4_I
OQ426995.1	DEN-P-0953-1	Ashall_2023	NCBI	2018-10-04	Vietnam	4	4_I
OQ426996.1	DEN-P-0961-1	Ashall_2023	NCBI	2018-10-08	Vietnam	4	4_I
OQ426997.1	DEN-P-1616-1	Ashall_2023	NCBI	2019-03-04	Vietnam	4	4_I
OQ426998.1	DEN-P-1714-1	Ashall_2023	NCBI	2019-04-01	Vietnam	4	4_I
OQ426999.1	DEN-P-1753-1	Ashall_2023	NCBI	2019-04-10	Vietnam	4	4_I
OQ427000.1	DET-F-0089-03-1	Ashall_2023	NCBI	2017-09-07	Vietnam	4	4_I
OQ427001.1	DET-P-0070-1	Ashall_2023	NCBI	2017-08-10	Vietnam	4	4_I
OQ427002.1	DET-P-0078-1	Ashall_2023	NCBI	2017-08-23	Vietnam	4	4_I
OQ427003.1	DET-P-0082-1	Ashall_2023	NCBI	2017-08-28	Vietnam	4	4_I
OQ427004.1	DET-P-0088-1	Ashall_2023	NCBI	2017-08-31	Vietnam	4	4_I
OQ427005.1	DET-P-0092-1	Ashall_2023	NCBI	2017-08-11	Vietnam	4	4_I
OQ427006.1	DET-P-0093-1	Ashall_2023	NCBI	2017-09-13	Vietnam	4	4_I
OQ427007.1	DET-P-0095-1	Ashall_2023	NCBI	2017-09-21	Vietnam	4	4_I
OQ427008.1	DET-P-0131-1	Ashall_2023	NCBI	2017-12-18	Vietnam	4	4_I
OQ427009.1	DET-P-0136-1	Ashall_2023	NCBI	2017-12-29	Vietnam	4	4_I
OQ427010.1	DET-P-0141-1	Ashall_2023	NCBI	2018-01-08	Vietnam	4	4_I
OQ427011.1	DET-P-0146-1	Ashall_2023	NCBI	2018-01-16	Vietnam	4	4_I
OQ427012.1	DET-P-0150-1	Ashall_2023	NCBI	2018-03-01	Vietnam	4	4_I
OQ427013.1	DET-P-0153-1	Ashall_2023	NCBI	2018-03-09	Vietnam	4	4_I
OQ427014.1	DET-P-0166-1	Ashall_2023	NCBI	2018-05-25	Vietnam	4	4_I
OQ427015.1	DET-P-0168-1	Ashall_2023	NCBI	2018-06-10	Vietnam	4	4_I
OQ427016.1	DET-P-0169-1	Ashall_2023	NCBI	2018-06-22	Vietnam	4	4_I
OQ427017.1	DET-P-0170-1	Ashall_2023	NCBI	2018-07-01	Vietnam	4	4_I
OQ427018.1	DET-P-0171-1	Ashall_2023	NCBI	2018-07-03	Vietnam	4	4_I
OQ427019.1	DET-P-0176-1	Ashall_2023	NCBI	2018-07-26	Vietnam	4	4_I
OQ427020.1	DET-P-0189-1	Ashall_2023	NCBI	2018-08-23	Vietnam	4	4_I
OQ427021.1	DET-P-0196-1	Ashall_2023	NCBI	2018-09-08	Vietnam	4	4_I
OQ427022.1	DET-P-0483-1	Ashall_2023	NCBI	2019-03-22	Vietnam	4	4_I
OQ427023.1	DEN-P-0992-1	Ashall_2023	NCBI	2018-10-15	Vietnam	4	4_I
OQ427024.1	DEN-P-1018-1	Ashall_2023	NCBI	2018-10-26	Vietnam	4	4_I
OQ427025.1	DEN-P-1031-1	Ashall_2023	NCBI	2018-10-30	Vietnam	4	4_I
OQ427026.1	DEN-P-1065-1	Ashall_2023	NCBI	2018-11-05	Vietnam	4	4_I
OQ427027.1	DEN-P-1093-1	Ashall_2023	NCBI	2018-11-13	Vietnam	4	4_I
OQ427028.1	DEN-P-1120-1	Ashall_2023	NCBI	2018-11-16	Vietnam	4	4_I
OQ427029.1	DEN-P-1125-1	Ashall_2023	NCBI	2018-11-19	Vietnam	4	4_I
OQ427030.1	DEN-P-1133-1	Ashall_2023	NCBI	2018-11-20	Vietnam	4	4_I
OQ427031.1	DEN-P-1145-1	Ashall_2023	NCBI	2018-11-21	Vietnam	4	4_I
OQ427032.1	DEN-P-1194-1	Ashall_2023	NCBI	2018-11-30	Vietnam	4	4_I
OQ427033.1	DEN-P-1279-1	Ashall_2023	NCBI	2018-12-12	Vietnam	4	4_I
OQ427034.1	DEN-P-1313-1	Ashall_2023	NCBI	2018-12-18	Vietnam	4	4_I
OQ427035.1	DEN-P-1316-1	Ashall_2023	NCBI	2018-12-18	Vietnam	4	4_I
OQ427036.1	DEN-P-1335-1	Ashall_2023	NCBI	2018-12-20	Vietnam	4	4_I
OQ427037.1	DEN-P-1339-1	Ashall_2023	NCBI	2018-12-21	Vietnam	4	4_I
OQ427038.1	DEN-P-1343-1	Ashall_2023	NCBI	2018-12-21	Vietnam	4	4_I
OQ427039.1	DEN-P-1391-1	Ashall_2023	NCBI	2019-01-03	Vietnam	4	4_I
OQ427040.1	DEN-P-1397-1	Ashall_2023	NCBI	2019-01-04	Vietnam	4	4_I
OQ427041.1	DEN-P-1405-1	Ashall_2023	NCBI	2019-01-07	Vietnam	4	4_I
OQ427042.1	DEN-P-1419-1	Ashall_2023	NCBI	2019-01-08	Vietnam	4	4_I
OQ427043.1	DEN-P-1431-1	Ashall_2023	NCBI	2019-01-10	Vietnam	4	4_I
OQ427044.1	DEN-P-1449-1	Ashall_2023	NCBI	2019-01-11	Vietnam	4	4_I
OQ427045.1	DEN-P-1464-1	Ashall_2023	NCBI	2019-01-14	Vietnam	4	4_I
OQ427046.1	DEN-P-1471-1	Ashall_2023	NCBI	2019-01-15	Vietnam	4	4_I
OQ427047.1	DEN-P-1472-1	Ashall_2023	NCBI	2019-01-15	Vietnam	4	4_I
OQ427048.1	DEN-P-1481-1	Ashall_2023	NCBI	2019-01-15	Vietnam	4	4_I
OQ427049.1	DEN-P-1508-1	Ashall_2023	NCBI	2019-01-21	Vietnam	4	4_I
OQ427050.1	DEN-P-1512-1	Ashall_2023	NCBI	2019-01-21	Vietnam	4	4_I
OQ427051.1	DEN-P-1540-1	Ashall_2023	NCBI	2019-01-25	Vietnam	4	4_I
OQ427052.1	DEN-P-1545-1	Ashall_2023	NCBI	2019-02-12	Vietnam	4	4_I
OQ427053.1	DEN-P-1556-1	Ashall_2023	NCBI	2019-02-14	Vietnam	4	4_I
OQ427054.1	DET-P-0238-1	Ashall_2023	NCBI	2018-10-12	Vietnam	4	4_I
OQ427055.1	DET-P-0244-1	Ashall_2023	NCBI	2018-10-17	Vietnam	4	4_I
OQ427056.1	DET-P-0259-1	Ashall_2023	NCBI	2018-10-22	Vietnam	4	4_I
OQ427057.1	DET-P-0283-1	Ashall_2023	NCBI	2018-10-30	Vietnam	4	4_I
OQ427058.1	DET-P-0310-1	Ashall_2023	NCBI	2018-11-16	Vietnam	4	4_I
OQ427059.1	DET-P-0329-1	Ashall_2023	NCBI	2018-11-23	Vietnam	4	4_I
OQ427060.1	DET-P-0351-1	Ashall_2023	NCBI	2018-11-30	Vietnam	4	4_I
OQ427061.1	DET-P-0421-1	Ashall_2023	NCBI	2018-12-24	Vietnam	4	4_I
OQ427062.1	DET-P-0428-1	Ashall_2023	NCBI	2018-12-25	Vietnam	4	4_I
OP600478.1	DENV-4 genotype IIa	Suppiah_2022	NCBI	2020-08-XX	Malaysia	4	4_II_related
OP600495.1	DENV-4 genotype IIa	Suppiah_2022	NCBI	2020-09-XX	Malaysia	4	4_II_related
OP600496.1	DENV-4 genotype IIa	Suppiah_2022	NCBI	2021-09-XX	Malaysia	4	4_II_related
OP600497.1	DENV-4 genotype IIa	Suppiah_2022	NCBI	2020-05-XX	Malaysia	4	4_II_related
OP600498.1	DENV-4 genotype IIa	Suppiah_2022	NCBI	2021-11-XX	Malaysia	4	4_II_related
OP600499.1	DENV-4 genotype IIa	Suppiah_2022	NCBI	2022-06-XX	Malaysia	4	4_II_related
OP600506.1	DENV-4 genotype IIa	Suppiah_2022	NCBI	2020-07-XX	Malaysia	4	4_II_related
OP600507.1	DENV-4 genotype IIa	Suppiah_2022	NCBI	2020-10-XX	Malaysia	4	4_II_related
OP600508.1	DENV-4 genotype IIa	Suppiah_2022	NCBI	2021-11-XX	Malaysia	4	4_II_related
OP600509.1	DENV-4 genotype IIa	Suppiah_2022	NCBI	2022-07-XX	Malaysia	4	4_II_related
OP600510.1	DENV-4 genotype IIa	Suppiah_2022	NCBI	2022-07-XX	Malaysia	4	4_II_related
OP600511.1	DENV-4 genotype IIa	Suppiah_2022	NCBI	2022-07-XX	Malaysia	4	4_II_related
OP600512.1	DENV-4 genotype IIa	Suppiah_2022	NCBI	2022-07-XX	Malaysia	4	4_II_related
OP604360.1	DENV-4 genotype IIa	Suppiah_2022	NCBI	2022-07-XX	Malaysia	4	4_II_related
OP984198.1	THSTI-TRC-DENV4-06	Maurya_2022	NCBI	2005-07-10	India	4	4_I
OP895706.1	THSTI-TRC-DENV4-03	Agrawal_2022	NCBI	2005-07-10	India	4	4_I
OP809584.1	THSTI-TRC-DENV4-09	Agrawal_2022	NCBI	2005-07-13	India	4	4_I
OP809585.1	THSTI-TRC-DENV4-10	Agrawal_2022	NCBI	2005-07-13	India	4	4_I
OP809586.1	THSTI-TRC-DENV4-11	Agrawal_2022	NCBI	2005-07-13	India	4	4_I
OP809587.1	THSTI-TRC-DENV4-12	Agrawal_2022	NCBI	2005-07-13	India	4	4_I
OP809588.1	THSTI-TRC-DENV4-13	Agrawal_2022	NCBI	2005-07-13	India	4	4_I
OP809589.1	THSTI-TRC-DENV4-14	Agrawal_2022	NCBI	2005-07-13	India	4	4_I
OP809590.1	THSTI-TRC-DENV4-15	Agrawal_2022	NCBI	2005-07-13	India	4	4_I
OP809591.1	THSTI-TRC-DENV4-16	Agrawal_2022	NCBI	2005-07-13	India	4	4_I
OP809592.1	THSTI-TRC-DENV4-17	Agrawal_2022	NCBI	2005-07-13	India	4	4_I
OL314735.1	JBB-004	Wardhani_2022	NCBI	2019-05-21	Indonesia	4	4_II_related
OL314736.1	JBB-007	Wardhani_2022	NCBI	2019-05-21	Indonesia	4	4_II_related
OL314737.1	JBB-008	Wardhani_2022	NCBI	2019-05-23	Indonesia	4	4_II_related
OL314738.1	JBB-023	Wardhani_2022	NCBI	2019-05-26	Indonesia	4	4_II_related
OL314739.1	JBB-024	Wardhani_2022	NCBI	2019-05-26	Indonesia	4	4_II_related
OL314740.1	JBB-037	Wardhani_2022	NCBI	2019-05-30	Indonesia	4	4_II_related
OL314741.1	JBB-042	Wardhani_2022	NCBI	2019-06-20	Indonesia	4	4_II_related
OL314742.1	JBB-044	Wardhani_2022	NCBI	2019-06-25	Indonesia	4	4_II_related
OL314743.1	JBB-045	Wardhani_2022	NCBI	2019-06-24	Indonesia	4	4_II_related
OL314744.1	JBB-049	Wardhani_2022	NCBI	2019-06-26	Indonesia	4	4_II_related
OL314745.1	JBB-050	Wardhani_2022	NCBI	2019-06-28	Indonesia	4	4_II_related
OL314746.1	JBB-051	Wardhani_2022	NCBI	2019-06-28	Indonesia	4	4_II_related
OL314747.1	JBB-055	Wardhani_2022	NCBI	2019-07-06	Indonesia	4	4_II_related
OP410999.1	SG(EHI)D4/16693AUG09	Hapuarachchi_2022	NCBI	2009-08-XX	Singapore	4	4_II_related
OP411000.1	SG(EHI)D4/42224Y17	Hapuarachchi_2022	NCBI	2017-10-XX	Singapore	4	4_I
OP411001.1	SG(EHI)D4/04645Y16	Hapuarachchi_2022	NCBI	2016-01-XX	Singapore	4	4_II_related
OP411002.1	SG(EHI)D4/30932Y19	Hapuarachchi_2022	NCBI	2019-07-XX	Singapore	4	4_II_related
OP310809.1	THSTI-TRC-DENV4-07	Agrawal_2022	NCBI	2005-07-10	India	4	4_I
OP310810.1	THSTI-TRC-DENV4-08	Agrawal_2022	NCBI	2005-07-10	India	4	4_I
OP310811.1	THSTI-TRC-DENV4-05	Agrawal_2022	NCBI	2005-07-10	India	4	4_I
OM641997.1	SPH329894	Ponce_2022	NCBI	2012-06-01	Brazil	4	4_II
ON907584.1	21XN04403_D4_MYS	Su_2022	NCBI	2021-01-08	Malaysia	4	4_II_related
ON908239.1	21XN04403	Su_2022	NCBI	2021-01-08	Malaysia	4	4_II_related
ON908240.1	19XN01404	Su_2022	NCBI	2019-01-21	Myanmar	4	4_I
ON908241.1	18XN13312	Su_2022	NCBI	2018-05-17	Cambodia	4	4_I
ON908242.1	18XN16107	Su_2022	NCBI	2018-06-16	Cambodia	4	4_I
ON908246.1	D4_17XN25491	Su_2022	NCBI	2017-09-11	Myanmar	4	4_I
ON891118.1	19XN01404_D4_MMR	Su_2022	NCBI	2019-01-21	Myanmar	4	4_I
ON891131.1	21XN04403_D4_MYS	Su_2022	NCBI	2021-01-08	Malaysia	4	4_II_related
ON891141.1	18XN13312_D4_KHM	Su_2022	NCBI	2018-05-17	Cambodia	4	4_I
ON891143.1	18XN16107_D4_KHM	Su_2022	NCBI	2018-06-16	Cambodia	4	4_I
ON891146.1	17XN25491_D4_MMR	Su_2022	NCBI	2017-09-11	Myanmar	4	4_I
MZ215848.1	DKE-121	Mayer_2022	NCBI	2007-05-21	Malaysia	4	4_IV_related
ON799402.1	THSTI-TRC-DENV4-01	Maurya_2022	NCBI	2005-07-12	India	4	4_I
ON799403.1	THSTI-TRC-DENV4-02	Maurya_2022	NCBI	2005-07-10	India	4	4_I
MW720989.1	GZ8H/2019122/2019/IV	Zhao_2022	NCBI	2010-10-XX	China	4	4_II_related
MW720990.1	GZ8H/2019124/2019/IV	Zhao_2022	NCBI	2010-10-XX	China	4	4_II_related
MW720991.1	GZ8H/2019125/2019/IV	Zhao_2022	NCBI	2010-10-XX	China	4	4_II_related
MW720992.1	GZ8H/2019126/2019/IV	Zhao_2022	NCBI	2010-10-XX	China	4	4_II_related
MW720993.1	GZ8H/2019128/2019/IV	Zhao_2022	NCBI	2010-10-XX	China	4	4_II_related
MW720994.1	GZ8H/2019129/2019/IV	Zhao_2022	NCBI	2010-10-XX	China	4	4_II_related
MW720995.1	GZ8H/2019130/2019/IV	Zhao_2022	NCBI	2010-10-XX	China	4	4_II_related
MW720996.1	GZ8H/2019131/2019/IV	Zhao_2022	NCBI	2010-10-XX	China	4	4_II_related
ON211314.1	NA	Durand_2022	NCBI	2020-02-XX	Paraguay	4	4_II
ON123668.1	THSTI-TRC-DENV4-04	Maurya_2022	NCBI	2005-07-10	India	4	4_I
ON045729.1	00435/04	Klungthong_2022	NCBI	2004-06-11	Thailand	4	4_I
ON045730.1	01544/04	Klungthong_2022	NCBI	2004-11-20	Thailand	4	4_I
ON045731.1	01582/04	Klungthong_2022	NCBI	2004-11-26	Thailand	4	4_I
ON045732.1	00754/05	Klungthong_2022	NCBI	2005-07-19	Thailand	4	4_I
ON005192.1	00697/11	Jones_2022	NCBI	2011-06-24	Thailand	4	4_I
OK469357.1	B7923325.3.01	Stica_2022	NCBI	2005-05-16	Puerto-Rico	4	4_I
OK469358.1	S-40946	Stica_2022	NCBI	2005-05-29	Myanmar	4	4_I
OK469359.1	S-49383	Stica_2022	NCBI	2005-06-02	Kiribati	4	4_II
OK469360.1	S-49489	Stica_2022	NCBI	2005-06-02	Niue	4	4_II
OK469361.1	1674/90	Stica_2022	NCBI	2005-06-12	Singapore	4	4_II
OK469362.1	8976/95	Stica_2022	NCBI	2005-06-17	Singapore	4	4_II
OM639994.1	MCL-21-H-11390_8505	Yadav_2022	NCBI	2021-11-16	India	4	4_I
OM639995.1	MCL-21-H-11373_8496	Yadav_2022	NCBI	2021-11-16	India	4	4_I
OM639996.1	MCL-21-H-11374_8497	Yadav_2022	NCBI	2021-11-16	India	4	4_I
OM639997.1	MCL-21-H-11387_8503	Yadav_2022	NCBI	2021-11-16	India	4	4_I
OM639998.1	MCL-21-H-11443_8516	Yadav_2022	NCBI	2021-11-16	India	4	4_I
OM639999.1	MCL-21-H-12138_8533	Yadav_2022	NCBI	2021-11-29	India	4	4_I
OM640000.1	MCL-21-H-11473_8521	Yadav_2022	NCBI	2021-11-16	India	4	4_I
OM417337.1	3000	Wong-Arambula_2022	NCBI	2010-11-04	Mexico	4	4_II
OM417338.1	3065	Wong-Arambula_2022	NCBI	2010-10-27	Mexico	4	4_II
OM417339.1	1411	Wong-Arambula_2022	NCBI	2011-10-10	Mexico	4	4_II
OM417342.1	668	Wong-Arambula_2022	NCBI	2021-10-14	Mexico	4	4_II
OK605767.1	DENV4-1_1229	Tamura_2022	NCBI	2005-05-29	Indonesia	4	4_II
OK605768.1	DENV4-2_BE_H_403714	Tamura_2022	NCBI	2005-06-04	Brazil	4	4_II
OK605769.1	DENV4-3_DAK_H_38550	Tamura_2022	NCBI	2005-06-05	Senegal	4	4_I
OK605770.1	DENV4-4_FSE_2098	Tamura_2022	NCBI	2005-06-28	Ecuador	4	4_II
OK605771.1	DENV4-5_K_0036/94	Tamura_2022	NCBI	2005-06-16	Thailand	4	4_I
MW788996.1	YGH_22_17_consensus	Soe_2022	NCBI	2017-06-XX	Myanmar	4	4_I
MW788997.1	YGH_31_17consensus	Soe_2022	NCBI	2017-07-XX	Myanmar	4	4_I
MW788998.1	YGH_16_18consensus	Soe_2022	NCBI	2018-05-XX	Myanmar	4	4_I
MW788999.1	YGH_28_18_consensus	Soe_2022	NCBI	2018-05-XX	Myanmar	4	4_I
Yale-DN00839	230490	FL-DPH	Yale	2022-09-10	Nicaragua	4	4_II
Yale-DN00899	230471	FL-DPH	Yale	2022-10-22	Nicaragua	4	4_II
Yale-DN00919	230506	FL-DPH	Yale	2022-11-15	Cuba	4	4_II
Yale-DN00950	230549	FL-DPH	Yale	2022-12-20	Cuba	4	4_II
Yale-DN00988	220154	FL-DPH	Yale	2020-03-19	Paraguay	4	4_II
Yale-DN01022	220040	FL-DPH	Yale	2022-07-21	Cuba	4	4_II
Yale-DN01037	230081	FL-DPH	Yale	2022-08-24	El-Salvador	4	4_II